split_version,lambda_,num_features,best_value,metric
0,0.0003,3,0.7822106342542234,auc_micro
1,0.0003,3,0.7832549753497344,auc_micro
2,0.0003,3,0.7825581461876374,auc_micro
3,0.0003,3,0.7827404794440372,auc_micro
4,0.0003,3,0.7820409855255126,auc_micro
