best_feature,R2
hr,0.496924
atemp,0.645989
weekday,0.774227
yr,0.871144
