best_feature,R2
hr,0.493263
atemp,0.64352
weekday,0.779285
yr,0.876589
