percentile,signup_duration,words,code_lines,urls,images,readability,reputation,session_length,answer_position_in_session,number_of_ans_wrote_by_user_before_this,time_since_previous_answer
0.0326803,0.0326803,0.00737052,0.0160673,0.0022522,0,0,0.0395347,0.00327819,0.00194777,0.0396627,0.00305754
0.0149785,0.0149785,0.00521289,0.0114254,0.00219353,0,0,0.00543635,0,0.00096135,0,0.00135976
0,0,0.00565318,0.00937456,0.00262152,0,0,0.00261676,0,0,0,0
0,0,0.00749936,0,0.00512147,0,0,0.00232733,0,0,0,0
0,0,0,0,0.00385402,0,0,0.00100556,0,0,0,0
