best_feature,R2
hr,0.496131
atemp,0.648035
weekday,0.779225
yr,0.874364
