,accuracy,auc_macro,auc_micro,best_params,f1_binary,f1_macro,f1_micro,fold_index,r2,threshold
0,0.8536585365853658,0.9154589371980676,0.9154589371980676,"{'bootstrap': False, 'criterion': 'entropy', 'min_samples_leaf': 3}",0.8333333333333334,0.8514492753623188,0.8536585365853658,0,0.4057971014492754,0.6389747669924977
1,0.8292682926829268,0.9444444444444444,0.9444444444444444,"{'bootstrap': False, 'criterion': 'gini', 'min_samples_leaf': 1}",0.8205128205128205,0.8288610614192009,0.8292682926829268,1,0.30676328502415473,0.6507592190889369
2,0.75,0.8257575757575758,0.8257575757575758,"{'bootstrap': False, 'criterion': 'gini', 'min_samples_leaf': 1}",0.7499999999999999,0.7499999999999999,0.75,2,-0.010101010101009944,0.6474820143884896
3,0.8205128205128205,0.9518716577540106,0.9518716577540106,"{'bootstrap': False, 'criterion': 'gini', 'min_samples_leaf': 2}",0.8205128205128205,0.8205128205128205,0.8205128205128205,3,0.27005347593582874,0.5652173913043478
4,0.7692307692307693,0.8342245989304813,0.8342245989304813,"{'bootstrap': False, 'criterion': 'entropy', 'min_samples_leaf': 2}",0.7428571428571428,0.7667774086378737,0.7692307692307693,4,0.06149732620320858,0.5652173913043478
