,clump_thickness,cell_size,cell_shape,marginal_adhesion,se_cell_size,bare_nuclei,bland_chromatin,normal_nucleoli,mitoses,fold_index
0,0.9105182367146859,0.4269966157312057,0.644278565534889,0.5195953553014248,0.35187001367401205,0.9890851459958836,0.575760461306919,0.4925751737612066,0.3977090807535949,0.0
1,1.4737495961956593,0.036474958071409457,0.8917378762757429,0.9018594666313511,0.2772933629000284,1.4420375908389214,0.8113729125467959,0.6180421751253757,0.7933226196005541,1.0
2,0.9105035011411136,0.4270132920691702,0.6442823240225704,0.5195899414780194,0.35185903046172634,0.9890793824180403,0.5757504382987256,0.4925665545210782,0.39770566645553396,2.0
3,0.9105072990628683,0.42700309089215044,0.6442825195472621,0.5195979411588173,0.3518620297803915,0.9890850342947812,0.5757575481300155,0.4925666610602569,0.3977218840900925,3.0
4,1.0646476191135066,0.38580441797724996,0.7062176397308854,0.6081494290518534,0.33930443948149475,1.1278438032810454,0.6399286961330062,0.5321461357486362,0.4858645222655736,4.0
