,accuracy,auc_macro,auc_micro,best_params,f1_binary,f1_macro,f1_micro,fold_index,r2,threshold
0,0.9343065693430657,0.9911048689138577,0.9911048689138577,"{'bootstrap': False, 'criterion': 'entropy', 'min_samples_leaf': 5}",0.910891089108911,0.9294339838608139,0.9343065693430657,0,0.711376404494382,0.582822085889571
1,0.9562043795620438,0.9943820224719102,0.9943820224719102,"{'bootstrap': False, 'criterion': 'entropy', 'min_samples_leaf': 5}",0.9400000000000001,0.9527586206896552,0.9562043795620438,1,0.8075842696629214,0.6263736263736268
2,0.9562043795620438,0.9967228464419475,0.9967228464419475,"{'bootstrap': False, 'criterion': 'entropy', 'min_samples_leaf': 4}",0.9400000000000001,0.9527586206896552,0.9562043795620438,2,0.8075842696629214,0.29533678756476656
3,0.9416058394160584,0.9894662921348315,0.9894662921348315,"{'bootstrap': False, 'criterion': 'entropy', 'min_samples_leaf': 5}",0.9215686274509804,0.9375284997720019,0.9416058394160584,3,0.7434456928838951,0.6263736263736268
4,0.9481481481481482,0.992142166344294,0.992142166344294,"{'bootstrap': False, 'criterion': 'entropy', 'min_samples_leaf': 3}",0.9278350515463918,0.9436863119003636,0.9481481481481482,4,0.7715183752417795,0.25737924539025525
