,clump_thickness,cell_size,cell_shape,marginal_adhesion,se_cell_size,bare_nuclei,bland_chromatin,normal_nucleoli,mitoses,fold_index
0,0.0752490232466547,0.14754599198247656,0.2827097197861175,0.06474263911546549,0.10431729672707224,0.1799843562828899,0.07511210874202523,0.060994849410829756,0.009344014706468727,0.0
1,0.07636689939684924,0.1434969553732374,0.28912394417149895,0.06576567179031946,0.1060997323902614,0.1768491251432288,0.0647811753843891,0.06668940986664293,0.010827086483572614,1.0
2,0.06364570554379673,0.143014951075247,0.29918991625373803,0.07186108737934034,0.1134158186036258,0.1803740805000961,0.06395193649561956,0.056385963146044625,0.008160541002491948,2.0
3,0.07502865624366184,0.14748199989771368,0.28279414257452473,0.06510417268778969,0.10425361638258374,0.1801635153268176,0.07478506459054934,0.060998593533904605,0.00939023876245484,3.0
4,0.06720130751572737,0.1489437530629872,0.29704006637247177,0.05865971223770877,0.10450160885508586,0.18388849445649896,0.06744366498175898,0.06260350511574692,0.00971788740201423,4.0
