,accuracy,auc_macro,auc_micro,best_params,f1_binary,f1_macro,f1_micro,fold_index,r2,threshold
0,0.9781021897810219,1.0,1.0,"{'bootstrap': False, 'criterion': 'entropy', 'max_features': 2, 'min_samples_leaf': 3}",0.9696969696969697,0.9762770562770562,0.9781021897810219,0,0.9037921348314607,0.5558996846168647
1,0.9781021897810219,1.0,1.0,"{'bootstrap': False, 'criterion': 'entropy', 'max_features': 2, 'min_samples_leaf': 2}",0.9696969696969697,0.9762770562770562,0.9781021897810219,1,0.9037921348314607,0.19380182367367918
2,0.35036496350364965,1.0,1.0,"{'bootstrap': False, 'criterion': 'gini', 'max_features': 2, 'min_samples_leaf': 1}",0.518918918918919,0.2594594594594595,0.35036496350364965,2,-1.8541666666666665,0.0
3,0.9781021897810219,1.0,1.0,"{'bootstrap': False, 'criterion': 'entropy', 'max_features': 1, 'min_samples_leaf': 1}",0.9696969696969697,0.9762770562770562,0.9781021897810219,3,0.9037921348314607,0.023736263736263655
4,0.9629629629629629,0.9990328820116054,0.9990328820116054,"{'bootstrap': False, 'criterion': 'entropy', 'max_features': 1, 'min_samples_leaf': 3}",0.9484536082474226,0.9597759370716882,0.9629629629629629,4,0.8367988394584139,0.28755110882634416
