,clump_thickness,cell_size,cell_shape,marginal_adhesion,se_cell_size,bare_nuclei,bland_chromatin,normal_nucleoli,mitoses,fold_index
0,0.1455001495807861,0.09113007057725417,0.2186071314117271,0.11351126868747415,0.11348251512158294,0.11156634752816123,0.07562466027066907,0.08706714076402097,0.043510716058324184,0.0
1,0.14230019336177566,0.09987149465110055,0.20274428677795997,0.1038048345485767,0.10865660071149977,0.1293340277629086,0.08151223861229884,0.08824476258478187,0.04353156098909814,1.0
2,0.14299708592568272,0.09982669421833322,0.20251920825972367,0.10294618350522848,0.10854239533308661,0.12915808131895937,0.08233683054955289,0.08817737411464487,0.043496146774788205,2.0
3,0.14751146652087407,0.10403751076954655,0.19073093692167725,0.1034045046935679,0.11058491885836652,0.12697443839387831,0.08548928312783691,0.08740349903573477,0.04386344167851756,3.0
4,0.1463264802008189,0.1028884034931933,0.2037247438975908,0.10854605025324386,0.1094667074336734,0.1201822939027371,0.0812477761813331,0.0877117785310145,0.03990576610639517,4.0
