,clump_thickness,cell_size,cell_shape,marginal_adhesion,se_cell_size,bare_nuclei,bland_chromatin,normal_nucleoli,mitoses,fold_index
0,0.9427968700998209,0.15942404646713598,0.6740392701859894,0.31990483542996223,0.19128514383619816,1.1134496312330258,0.31271341868263575,0.353581007670534,0.0,0.0
1,1.529167163343398,0.0,0.9012832536705438,0.9221043137205576,0.23916952984648068,1.4871392194538173,0.7982638302911642,0.605148635122389,0.7429276996586536,1.0
2,1.5290535369567524,0.0,0.9013837675993901,0.9219761562217572,0.2392936326512503,1.4870797076616031,0.7980947655513899,0.6050453126414096,0.7428682269985345,2.0
3,1.5291928387020997,0.0,0.9012249593152821,0.9220434392585258,0.23894902507935645,1.4869659850324008,0.7980699431996586,0.6048554390367256,0.7430752602192867,3.0
4,1.2368970412421927,0.10422891913443239,0.7555756143676887,0.5867625904465437,0.22632654960632928,1.300747228056196,0.5200197194989742,0.47440209061275423,0.22138099161123906,4.0
