,clump_thickness,cell_size,cell_shape,marginal_adhesion,se_cell_size,bare_nuclei,bland_chromatin,normal_nucleoli,mitoses,fold_index
0,0.0752490232466547,0.14754599198247656,0.2827097197861175,0.06474263911546549,0.10431729672707224,0.1799843562828899,0.07511210874202523,0.060994849410829756,0.009344014706468727,0.0
1,0.07636689939684924,0.1434969553732374,0.28912394417149895,0.06576567179031946,0.1060997323902614,0.1768491251432288,0.0647811753843891,0.06668940986664293,0.010827086483572614,1.0
2,0.06364570554379673,0.143014951075247,0.29918991625373803,0.07186108737934034,0.1134158186036258,0.1803740805000961,0.06395193649561956,0.056385963146044625,0.008160541002491948,2.0
3,0.14299708592568272,0.09982144872683564,0.20251920825972367,0.10294618350522848,0.10854239533308663,0.12915808131895934,0.08233683054955292,0.08817737411464488,0.04350139226628575,3.0
4,0.14426140691739084,0.09984860329866124,0.2100126046055452,0.10353193471233439,0.10446459232902892,0.12188758277936601,0.08411759449546492,0.0883870004504149,0.04348868041179351,4.0
