,clump_thickness,cell_size,cell_shape,marginal_adhesion,se_cell_size,bare_nuclei,bland_chromatin,normal_nucleoli,mitoses,fold_index
0,0.2347841568831338,0.11257478356325816,0.19203075011810428,0.13208594820550007,0.11370592842895044,0.3017509344256831,0.15431618636665187,0.13018629860042538,0.13675940649389454,0.0
1,0.350620935705932,0.008402387909642522,0.2511215439638824,0.1671414366499211,0.11806870368650091,0.37687349053802754,0.19202018565460507,0.13895751098938194,0.19557557105871742,1.0
2,0.29630034177452236,0.07004049091123311,0.21574914406082918,0.14867828722951798,0.1195785394204392,0.3447225081344362,0.1743883308432533,0.13287538796681986,0.1733534814009928,2.0
3,0.3225854589325561,0.0423959245077268,0.23097128796390923,0.15673839396094044,0.12010848542644786,0.36055740067550596,0.182610346198782,0.13559618050155167,0.18482789934609448,3.0
4,0.35035554393518764,0.008420947672902461,0.2511343417773608,0.16707165653526587,0.11794803898825658,0.3766467287549435,0.19171196828439505,0.13888795949074847,0.19553082639608782,4.0
