,clump_thickness,cell_size,cell_shape,marginal_adhesion,se_cell_size,bare_nuclei,bland_chromatin,normal_nucleoli,mitoses,fold_index
0,0.1507443481271219,0.09925575814794203,0.21239603057898931,0.10705940126820965,0.10643758292055434,0.11313809062615907,0.0784096652098472,0.0914507308457848,0.04110839227539185,0.0
1,0.14579815802503004,0.09557330887213387,0.21510565776415905,0.10777618852281198,0.1098653554933859,0.11057704336325198,0.08580485475315232,0.08697984021736832,0.0425195929887064,1.0
2,0.14643407376440204,0.10423878895363219,0.2019647287923196,0.11410038691759646,0.10219191471615809,0.11741024323407988,0.08334710533126549,0.08666430027921411,0.04364845801133216,2.0
3,0.14299708592568272,0.09982144872683564,0.20251920825972367,0.10294618350522848,0.10854239533308663,0.12915808131895934,0.08233683054955292,0.08817737411464488,0.04350139226628575,3.0
4,0.14426140691739084,0.09984860329866124,0.2100126046055452,0.10353193471233439,0.10446459232902892,0.12188758277936601,0.08411759449546492,0.0883870004504149,0.04348868041179351,4.0
