,day,hour,inv_exposure_rate,meme_age,meme_pop_current,meme_pop_recent,n_exposures,neighb_activity,neighb_indegree,neighb_info_received,neighb_outdegree,node_activity,node_indegree,node_info_received,node_outdegree,order,time_between_last_and_first_exposures,time_between_last_and_second_last_exposures,time_since_nodes_last_tweet,fold_index
0,-0.056350704153333986,0.0,0.03181115998494004,0.1654368432858857,0.13109068582023678,0.2313764400475812,0.3052047370792133,-0.17645964255401192,0.0,-0.23854021115445934,0.08063663447756586,0.9925258250874636,0.021686794524035647,-1.1905820186552927,-0.35972938259304665,0.0,-0.19709760318492467,-0.1449735166642618,-38.42694337389413,0.0
1,-0.0572779444494798,0.0,0.0,0.0,0.14053083963478794,0.2355027818533699,0.27270286398909355,-0.18347060534384685,0.0,-0.24736889820903965,0.08375309464497425,0.9945336400735181,0.018952675384936148,-1.1973786722701147,-0.36998476976036876,0.0,0.0,-0.16511572973597602,-19.246862247549494,1.0
2,-0.0561960287217947,0.0,0.03171416552727911,0.15956852365043767,0.13253798176193166,0.23198489155671062,0.30463035809411565,-0.17683661711137236,0.0,-0.239018555076141,0.08078687373826456,0.9923464417384618,0.021083612696726543,-1.1908009695236759,-0.3597712878456726,0.0,-0.19005189917680929,-0.14564776836962803,-37.44387004308544,2.0
3,-0.05410222038675689,0.0,0.0,0.0,0.193412928794195,0.22601847930215144,0.0,-0.16395593155291938,0.0,-0.227799340172634,0.0510860660471286,1.067475861050947,0.0,-1.244305909194572,0.0,0.0,0.0,-0.16728715873217237,-134.21919743438747,3.0
4,0.0,0.0,0.0,0.0,0.8328919415617192,0.48211962612572123,-1.7854195385758,-0.06012269057953297,0.0,-0.6008987182803155,0.0,6.180891246238015,-0.05005773885564467,-4.967047098508618,-2.9136211935536793,0.0,0.0,0.0,-11.957461483391299,4.0
