,accuracy,auc_macro,auc_micro,best_params,f1_binary,f1_macro,f1_micro,fold_index,r2,threshold
0,0.9991450042749787,0.9794505251158315,0.9794505251158315,"{'bootstrap': True, 'criterion': 'entropy', 'max_features': 2, 'min_samples_leaf': 5}",0.834141610087294,0.9168565037535783,0.9991450042749787,0,0.663848700825955,0.3373680830950863
1,0.9990850045749772,0.9761531430824784,0.9761531430824784,"{'bootstrap': True, 'criterion': 'entropy', 'max_features': 3, 'min_samples_leaf': 5}",0.8225024248302619,0.9110218724380399,0.9990850045749772,1,0.6402591359716361,0.33650977286791484
2,0.999045,0.9690112188040289,0.9690112188040289,"{'bootstrap': True, 'criterion': 'gini', 'max_features': 2, 'min_samples_leaf': 5}",0.8147429679922406,0.9071321170277593,0.999045,2,0.6245327546026682,0.33785835084183746
3,0.9990099950499752,0.9652888736612348,0.9652888736612348,"{'bootstrap': True, 'criterion': 'entropy', 'max_features': 2, 'min_samples_leaf': 5}",0.8077669902912621,0.9036353549439106,0.9990099950499752,3,0.6100094336826098,0.3558655150631362
4,0.9990499952499763,0.9739876222678242,0.9739876222678242,"{'bootstrap': True, 'criterion': 'entropy', 'max_features': 2, 'min_samples_leaf': 5}",0.8155339805825242,0.9075288759562778,0.9990499952499763,4,0.6257666282812924,0.35427348283439986
