,accuracy,auc_macro,auc_micro,best_params,f1_binary,f1_macro,f1_micro,fold_index,r2,threshold
0,0.9950550247248764,0.8894364097805386,0.8894364097805386,{'alpha': 0.00825},0.040737148399612025,0.5191291357443795,0.9950550247248764,0,-0.9441733034101198,0.9832465303808521
1,0.9951450242748786,0.900744453457579,0.900744453457579,{'alpha': 0.02275},0.058195926285160036,0.527881082717687,0.9951450242748786,1,-0.9087889561286417,0.9728213937790838
2,0.995115,0.9009689463032694,0.9009689463032694,{'alpha': 0.00825},0.052376333656644035,0.5249637609220987,0.995115,2,-0.9205837631057237,0.9827617040279957
3,0.995119975599878,0.8855881614029331,0.8855881614029331,{'alpha': 0.001},0.05242718446601941,0.5249904364911958,0.995119975599878,3,-0.9223777410392562,0.9906276721275975
4,0.9951399756998786,0.901699175727181,0.901699175727181,{'alpha': 0.001},0.05631067961165049,0.5269371969973795,0.9951399756998786,4,-0.914499143739915,0.9889480046743506
