,day,hour,inv_exposure_rate,meme_age,meme_pop_current,meme_pop_recent,n_exposures,neighb_activity,neighb_indegree,neighb_info_received,neighb_outdegree,node_activity,node_indegree,node_info_received,node_outdegree,order,time_between_last_and_first_exposures,time_between_last_and_second_last_exposures,time_since_nodes_last_tweet,fold_index
0,0.011916308620461993,0.022999833721485348,0.030439421088444864,0.03218010455806574,0.03518792673876832,0.031658397915184884,0.024476757156895755,0.03282836448935587,0.02993690736595846,0.029735135120209727,0.0286269971887444,0.278718851144123,0.053941592817845815,0.0674359841258263,0.061447942750435434,0.030052522223414972,0.02648028777006506,0.027709626929760825,0.14422703827495317,0.0
1,0.014399749186266464,0.02391685999582202,0.031524710334934376,0.03554939794037686,0.03633705612379974,0.032408971607984886,0.024362470323142774,0.03286623607036485,0.03477539158324527,0.03361528797908719,0.0322464038709105,0.23154991792968083,0.06222724764161089,0.06537598706530766,0.06976401420053918,0.03109549584755309,0.02771590280659133,0.029721715383320114,0.150547184109462,1.0
2,0.011676657077738049,0.022320992688168673,0.027127775484007598,0.0327220827214497,0.03415475532632867,0.031266669201381776,0.023869916140830498,0.03255819302880308,0.03215271293411877,0.03186625653255987,0.029889238716439625,0.25226162896604637,0.06005356546555283,0.06529609219012053,0.07260421233084083,0.028496987771440656,0.02507365375832206,0.02739841359603607,0.15921019606981446,2.0
3,0.012529173817056847,0.023153091139721166,0.028804623131029133,0.03114866872124335,0.034417453139059306,0.03351075674000943,0.02266232933682071,0.03171914198910391,0.03346063017566616,0.029860232319609964,0.029702186767919202,0.26580366129023564,0.05170601006419554,0.07288564532974987,0.06477641297902342,0.029855033375129007,0.026531410957160783,0.027794633307808778,0.14967890541945778,3.0
4,0.012539702212202148,0.022426513434437557,0.02777836929863219,0.031985700892532776,0.0333582652297138,0.029424482868040305,0.023766208527800616,0.03186651836200871,0.0317093606744891,0.030747192117448332,0.029032070476330066,0.2593141031565952,0.06376010222555994,0.06462093538431084,0.07195710887682841,0.028718114297625795,0.025542581644426177,0.027051761009020184,0.15440090931199785,4.0
