,day,hour,inv_exposure_rate,meme_age,meme_pop_current,meme_pop_recent,n_exposures,neighb_activity,neighb_indegree,neighb_info_received,neighb_outdegree,node_activity,node_indegree,node_info_received,node_outdegree,order,time_between_last_and_first_exposures,time_between_last_and_second_last_exposures,time_since_nodes_last_tweet,fold_index
0,0.011656923202320918,0.021836168840792952,0.028670086754000765,0.030320175956497476,0.03325551153779141,0.030955472190431484,0.02159638813537175,0.030029205226332022,0.03153414964925988,0.03045509766054549,0.027378399514473847,0.28709817677958244,0.04890345595594289,0.07855361221039939,0.06774362770966964,0.030199034442112888,0.0232970896738019,0.024633955959777194,0.14188346860089565,0.0
1,0.01175084016687174,0.02392835097894797,0.027969955924481826,0.030890389316521154,0.03346084903095896,0.0308797678457536,0.02110568937859437,0.030177335464609677,0.03071899457125861,0.02984182852539242,0.02727434680574483,0.2743842342350008,0.051551666877105023,0.07565300328854664,0.06871260801230342,0.031124109846256274,0.022910202600718868,0.025077495148807548,0.15258833198212626,1.0
2,0.009429125323852827,0.01876606770289813,0.024213097439898218,0.026801171940504867,0.030177619439721647,0.03000680400435093,0.01803473632593693,0.027082841856562036,0.028764942632031883,0.027633433385778013,0.02601762679053745,0.310933678424746,0.04953418114392095,0.07352906036648212,0.07140378523297257,0.026627895624782596,0.02148384351632607,0.02319844066962321,0.15636164817907358,2.0
3,0.011711317278603264,0.022810060086690617,0.0274912748428466,0.03140988480763075,0.03307397787115405,0.03330757193409103,0.020677024143884552,0.03009514945481092,0.030529241969276182,0.02851457758592004,0.02849980577167595,0.2802653735884712,0.04820823434565444,0.07791088776780997,0.06973993988295214,0.030715742860431286,0.02286353849724324,0.02549077291092667,0.1466856243999271,3.0
4,0.01170731684220402,0.02253868328757867,0.02779112728150929,0.03163259070512991,0.033628757619961765,0.031728044935916834,0.0203466583759496,0.0292084859200975,0.031808907136453145,0.029661987096618686,0.027336169527736875,0.27902454731446324,0.0507762171639665,0.07712017158111316,0.07196705921674043,0.029118991980471524,0.023725826272771363,0.025486719720769192,0.14539173802054822,4.0
