,day,hour,inv_exposure_rate,meme_age,meme_pop_current,meme_pop_recent,n_exposures,neighb_activity,neighb_indegree,neighb_info_received,neighb_outdegree,node_activity,node_indegree,node_info_received,node_outdegree,order,time_between_last_and_first_exposures,time_between_last_and_second_last_exposures,time_since_nodes_last_tweet,fold_index
0,-0.00017007961206076634,-7.997197880030223e-05,0.003020278782345518,0.0017017159131479463,0.0011871752728391867,0.0023203301793891244,0.007009557797760354,-0.002186083300983712,-0.0001640703083888347,-0.00337206264653925,0.0006086106308142451,0.01657910181011701,-0.0022587732102364493,-0.026848982610214303,-0.0008216595834874535,3.371877316792444e-05,-0.0037139237041867263,-0.002227910525586618,-0.01308620433507623,0.0
1,-0.0005644901163978622,-0.0001971561847259892,0.0019493921459489778,0.0018074415335862107,0.0009057021857744002,0.002874026410979588,0.007554255809785441,-0.002503332258195904,0.000812116989342368,-0.0034795169290304222,0.0007308654411798407,0.01692799362070159,-0.0016141322157689905,-0.02825454729202685,-0.0010661118221686999,-5.486989201867444e-05,-0.00317217033122162,-0.002769222104400053,-0.014832961125297845,1.0
2,0.0002443508666505815,-0.0009075925087292772,0.002641374076893526,-0.001424889353404348,0.0002443792415900315,0.003538681261926567,0.010883161038257,-0.004990140727850567,0.0019009435680237634,-0.0032902044210845263,0.0011453636663078157,0.016125481934073586,-0.0023143754984770275,-0.027606387626814367,-0.0008317953480882317,-3.45826258833415e-05,-0.0026626928230637057,-0.001999054493846571,-0.014324797297240913,2.0
3,-0.0005303768451030281,-0.00018746198104258244,0.001909432758598098,0.0018192699801340456,0.0007304947724505074,0.0025589332017797953,0.0076926398761306145,-0.0024608328141806648,0.0007457738372146462,-0.0034841307281352177,0.0007235048383035175,0.016946498425718545,-0.00186065907228111,-0.02809486315029213,-0.000950124189738172,-0.00010185895055552684,-0.0033487152014006574,-0.0028396636958387404,-0.014710497167662966,3.0
4,-0.0005643632667762369,-0.00019733523329541427,0.0019472840671693565,0.0018070367066781614,0.0009055244213103505,0.00287487862827938,0.0075550467888250645,-0.002502399191603939,0.0008114282388038045,-0.003477814657492039,0.0007307644713188757,0.016927328951657054,-0.0016139140286215228,-0.028255296329618946,-0.001065511711835887,-5.5722213902436385e-05,-0.003171996120211942,-0.0027651515767090373,-0.014831807724910119,4.0
