,accuracy,auc_macro,auc_micro,best_params,f1_binary,f1_macro,f1_micro,fold_index,r2,threshold
0,0.7483913405929246,0.7931494965168081,0.7931494965168081,"{'bootstrap': True, 'criterion': 'entropy', 'min_samples_leaf': 5}",0.560033709528636,0.691925883900715,0.7483913405929246,0,-0.22975811828613102,0.5591864126822387
1,0.7481959568592716,0.7924139807086559,0.7924139807086559,"{'bootstrap': True, 'criterion': 'entropy', 'min_samples_leaf': 5}",0.5593909902107147,0.691560234162251,0.7481959568592715,1,-0.23071307243280859,0.5579000414217434
2,0.7479484707966446,0.7937844747253645,0.7937844747253645,"{'bootstrap': True, 'criterion': 'entropy', 'min_samples_leaf': 5}",0.5589579368425851,0.6912570835763721,0.7479484707966446,2,-0.23192268101859925,0.5565093571939651
3,0.7447620536266714,0.7910334105665364,0.7910334105665364,"{'bootstrap': True, 'criterion': 'gini', 'min_samples_leaf': 5}",0.5534615559910671,0.6873872556858702,0.7447620536266714,3,-0.24749170284477784,0.5582564132965534
4,0.7479598548940688,0.7926199098854982,0.7926199098854982,"{'bootstrap': True, 'criterion': 'gini', 'min_samples_leaf': 5}",0.5589807291251182,0.691272234470509,0.7479598548940688,4,-0.23186224568487046,0.5585499134426917
