,accuracy,auc_macro,auc_micro,best_params,f1_binary,f1_macro,f1_micro,fold_index,r2,threshold
0,0.8973909758766216,0.9512344667451064,0.9512344667451064,"{'bootstrap': True, 'criterion': 'gini', 'max_features': 4, 'min_samples_leaf': 5}",0.8204537943452347,0.8743121715652242,0.8973909758766216,0,0.498489913969974,0.521976492001534
1,0.9022234668889699,0.9546288923200611,0.9546288923200611,"{'bootstrap': True, 'criterion': 'entropy', 'max_features': 4, 'min_samples_leaf': 5}",0.8289097311650275,0.8802315856368588,0.9022234668889699,1,0.5221091131977924,0.5192058460311302
2,0.8976124107747616,0.9520441739773176,0.9520441739773176,"{'bootstrap': True, 'criterion': 'gini', 'max_features': 4, 'min_samples_leaf': 5}",0.820841263148298,0.8745834115631158,0.8976124107747616,2,0.49957219533620845,0.5193896490531928
3,0.9043069368190019,0.9565158638730624,0.9565158638730624,"{'bootstrap': True, 'criterion': 'entropy', 'max_features': 4, 'min_samples_leaf': 5}",0.832556496370329,0.8827841272662134,0.9043069368190019,3,0.5322940650702137,0.5207160446094214
4,0.903746833134692,0.9549682059965781,0.9549682059965781,"{'bootstrap': True, 'criterion': 'entropy', 'max_features': 4, 'min_samples_leaf': 5}",0.8315764282214042,0.8820980478368861,0.903746833134692,4,0.5295565226756066,0.5172377018233052
