,accuracy,auc_macro,auc_micro,best_params,f1_binary,f1_macro,f1_micro,fold_index,r2,threshold
0,0.7674542802063252,0.8149182786615741,0.8149182786615741,"{'bootstrap': False, 'criterion': 'gini', 'max_features': 3, 'min_samples_leaf': 3}",0.5931311105540237,0.7151676616920031,0.7674542802063252,0,-0.1365864253753164,0.6229476851331909
1,0.7846480487677799,0.8350192074500533,0.8350192074500533,"{'bootstrap': False, 'criterion': 'entropy', 'max_features': 3, 'min_samples_leaf': 2}",0.6233082706766917,0.736267008557745,0.7846480487677799,1,-0.0525504604677145,0.6330221596287599
2,0.7834106184546449,0.8349154737957757,0.8349154737957757,"{'bootstrap': False, 'criterion': 'entropy', 'max_features': 3, 'min_samples_leaf': 2}",0.6210747003327104,0.7347225738536853,0.7834106184546449,2,-0.058598503396670276,0.6298524084274486
3,0.7842623890375986,0.8346041557670736,0.8346041557670736,"{'bootstrap': False, 'criterion': 'entropy', 'max_features': 3, 'min_samples_leaf': 2}",0.6226060405819557,0.7357831012711296,0.7842623890375986,3,-0.05443130024836096,0.6309448202831439
4,0.7693805644021544,0.8164863118530785,0.8164863118530785,"{'bootstrap': False, 'criterion': 'entropy', 'max_features': 3, 'min_samples_leaf': 3}",0.5964672364672364,0.7175127151442942,0.7693805644021544,4,-0.12716716503530479,0.6211637556863041
