,accuracy,auc_macro,auc_micro,best_params,f1_binary,f1_macro,f1_micro,fold_index,r2,threshold
0,0.893561454697025,0.9340976467416517,0.9340976467416517,"{'bootstrap': True, 'criterion': 'entropy', 'max_features': 6, 'min_samples_leaf': 5}",0.8137528632804932,0.8696213151310986,0.8935614546970249,0,0.47977281269509897,0.4950732916526291
1,0.8888461939248684,0.9302973367340708,0.9302973367340708,"{'bootstrap': True, 'criterion': 'gini', 'max_features': 6, 'min_samples_leaf': 5}",0.8055020570034986,0.8638454987054067,0.8888461939248684,1,0.4567265859552869,0.49447959295793203
2,0.8886638357734591,0.931144576385034,0.931144576385034,"{'bootstrap': True, 'criterion': 'gini', 'max_features': 6, 'min_samples_leaf': 5}",0.8051829650480347,0.8636221245894959,0.8886638357734591,2,0.4558352954183883,0.4934848317831418
3,0.8954494832066587,0.9360581100785114,0.9360581100785114,"{'bootstrap': True, 'criterion': 'entropy', 'max_features': 6, 'min_samples_leaf': 5}",0.8170577442477978,0.871934499081503,0.8954494832066587,3,0.48900269696945087,0.4939352693533243
4,0.8876210572933967,0.9303550492371766,0.9303550492371766,"{'bootstrap': True, 'criterion': 'gini', 'max_features': 6, 'min_samples_leaf': 5}",0.803359582445384,0.8623453424064869,0.8876210572933967,4,0.45074076722157064,0.49232289192999434
