,total_history_seen,total_history_correct,num_distinct_words_lesson,lesson_index_user,time_to_next_lesson_user,time_since_previous_lesson_user,user_sequence_num,lesson_index_seq,num_lessons_seq,time_diff_first_this_last_previous,time_diff_first_last_seq,day_of_week,weekend_bool,hour_of_day,num_all_solved,time_interval,num_lessons,num_sequences,fold_index
0,-0.9213418040991433,0.8580577261882667,-0.12730820824661782,-0.0008226395805233148,0.0042218760580376435,-0.019462036515506764,0.009274208122873873,0.037466280136327884,0.0188691542774657,-0.005803059454914325,-0.004133677909032948,0.0023664365019525286,0.010569224970966292,0.001976294456893984,0.6425996736528616,-0.001940333191994435,-0.4765464151020967,0.043588899632433696,0.0
1,-0.9261429238460047,0.8944864746634539,-0.13681213192138303,-0.012107751036691095,0.01357541645610559,-0.022258437294271377,0.0009281936929128985,0.03461462369133825,0.005542827126083383,-0.00249834321868645,-0.020059916377132697,-0.002801512468975652,0.0034295498805917033,-0.0036788179828823775,0.6387907400206302,-0.003094000870974143,-0.4690429858984768,0.03882581099426124,1.0
2,-0.6982224186656011,0.6283968612967341,-0.131933933680042,6.162810140001391e-05,0.025629642381158245,-0.012165203427898548,0.0008026809741557568,0.04031897340947579,0.0065331105795860284,-0.006241176274493722,-0.003940683059917073,0.006541183429658642,-0.001381003156797251,0.0002281553321649033,0.6214224538284195,0.0029111759723316945,-0.45469090920895855,0.03767428905278943,2.0
3,-0.9093419336463149,0.8864695798191367,-0.13527063171083795,0.008255606381483972,0.0027219304194516045,-0.02076653774588547,0.007104858027154099,0.03275067815893903,0.02982092889402384,-0.0036408861224177416,-0.014729009957165867,0.010956560925234872,-0.002861326720075009,7.155242440772479e-05,0.6400288089010361,0.0049649104090608576,-0.4932034582666154,0.036357577451555566,3.0
4,-0.6978252260298237,0.6204775439663491,-0.127820362289865,5.955300360833678e-05,0.008774995513136858,-0.014229519935043636,0.0057556585662949114,0.036346921419277256,0.015565260462210326,-0.009276926560026124,-0.005467534757555582,0.0017606871659867338,0.00027595404425071455,-0.00024042083130722323,0.6140152814607287,0.0024538518655604444,-0.4595494217959204,0.038437494881389776,4.0
