,accuracy,auc_macro,auc_micro,best_params,f1_binary,f1_macro,f1_micro,fold_index,r2,threshold
0,0.893561454697025,0.9340976467416517,0.9340976467416517,"{'bootstrap': True, 'criterion': 'entropy', 'min_samples_leaf': 5}",0.8137528632804932,0.8696213151310986,0.8935614546970249,0,0.47977281269509897,0.4950732916526291
1,0.8944211431250977,0.9344049783979251,0.9344049783979251,"{'bootstrap': True, 'criterion': 'entropy', 'min_samples_leaf': 5}",0.8152571539276803,0.870674364534678,0.8944211431250977,1,0.4839746109404791,0.4941065672533156
2,0.8953589850466316,0.9352586002071852,0.9352586002071852,"{'bootstrap': True, 'criterion': 'entropy', 'min_samples_leaf': 5}",0.8168981982700657,0.8718231457022187,0.8953589850466316,2,0.48855839084453034,0.4918050183260764
3,0.8893143940134034,0.9316961511362557,0.9316961511362557,"{'bootstrap': True, 'criterion': 'gini', 'min_samples_leaf': 5}",0.8063225791746915,0.8644195360300344,0.8893143940134034,3,0.45901705818201066,0.49515167770290724
4,0.8876210572933967,0.9303550492371766,0.9303550492371766,"{'bootstrap': True, 'criterion': 'gini', 'min_samples_leaf': 5}",0.803359582445384,0.8623453424064869,0.8876210572933967,4,0.45074076722157064,0.49232289192999434
