,total_history_seen,total_history_correct,num_distinct_words_lesson,lesson_index_user,time_to_next_lesson_user,time_since_previous_lesson_user,user_sequence_num,lesson_index_seq,num_lessons_seq,time_diff_first_this_last_previous,time_diff_first_last_seq,day_of_week,weekend_bool,hour_of_day,num_all_solved,time_interval,num_lessons,num_sequences,fold_index
0,0.06994374956897591,0.0633047998795169,0.07149862339606919,0.04787489441861736,0.07143523648431621,0.0747502953028066,0.02162454063991924,0.024040789232090555,0.025941502151912915,0.046994357485462324,0.05093777289961629,0.02353100622736841,0.002858186620095252,0.041730995557922916,0.19181062854445335,0.054512689204850286,0.08595537812588792,0.031254554260118486,0.0
1,0.07606193157456619,0.05861983767723997,0.06996769594693748,0.04833652563467441,0.07163633850754096,0.07463999916533035,0.021876529261308342,0.023878180615490407,0.026054251174831983,0.04696924428306711,0.05094740263661455,0.023036214634759508,0.0028521355557878224,0.04192296794996191,0.18838563444909734,0.054787743122429663,0.08874715176210486,0.031280216048257155,1.0
2,0.07120396604844871,0.05963466167369495,0.07780862000342421,0.04579200012911708,0.06684236900256778,0.06927325462662372,0.01999912582770863,0.022265276814592366,0.024078860365442233,0.042882141485439486,0.04654489714164201,0.021119520759123312,0.0026014151271494344,0.037640880734381876,0.21577977875531418,0.05010145412104263,0.0957376185008947,0.030694158883392723,2.0
3,0.07278071971958552,0.06088759671264328,0.07146619137548499,0.0486714986835455,0.07126566951899699,0.0747574379457412,0.02179763601017621,0.024146525993331006,0.02604863092485272,0.04732926038644454,0.05084619079665517,0.023222377658726225,0.0029040155684923914,0.041811072963629715,0.18910913424598338,0.05518032284625079,0.0863878139467384,0.03138790470272193,3.0
4,0.07243948799441137,0.06071600028981267,0.07186567474165308,0.04811632001173421,0.07146887552543287,0.07441260651199455,0.021659260660201587,0.024249048018617082,0.02596741226776861,0.04697739913192465,0.0508786494388626,0.023170595366378433,0.002923107812485609,0.041645065480865114,0.1903709328377539,0.05450000572297462,0.08744802767052333,0.031191530516605625,4.0
