,total_history_seen,total_history_correct,num_distinct_words_lesson,lesson_index_user,time_to_next_lesson_user,time_since_previous_lesson_user,user_sequence_num,lesson_index_seq,num_lessons_seq,time_diff_first_this_last_previous,time_diff_first_last_seq,day_of_week,weekend_bool,hour_of_day,num_all_solved,time_interval,num_lessons,num_sequences,fold_index
0,0.0745513632038277,0.06265856746133391,0.06986625717144229,0.04749899608233684,0.06705276663256284,0.07102388377701348,0.022823263349818476,0.023802966994646887,0.02730916105779977,0.04648999068517556,0.050683095214633066,0.02350960713495077,0.0032168890669891175,0.04098897936362686,0.19879578842420298,0.05525857395757829,0.08186776130978408,0.032602089112277126,0.0
1,0.07464704364611578,0.06417087951279449,0.06832110433099539,0.0470340731830629,0.06690045132114138,0.07077844342814622,0.02242290114174057,0.023444744782729128,0.02760858911657351,0.04624537159524965,0.05064768336647435,0.02361920326887154,0.0032779051216924857,0.04087346531981588,0.19893360784071032,0.05554684712294225,0.08296436946766812,0.032563316433275924,1.0
2,0.07135095631034906,0.06642867504015458,0.07009322480333685,0.04764847749940847,0.06712002019288527,0.0712222641973264,0.022624519378970302,0.023675667142829777,0.027857906901259995,0.04591542281326269,0.05084344298717047,0.02357850283986745,0.0032643390386119303,0.040982216080947216,0.198005743730379,0.05580048173287938,0.08120682027166193,0.03238131903869924,2.0
3,0.07420062398614605,0.06682294256653015,0.071484672227656,0.045495428232028116,0.06276619753970673,0.06699941624047706,0.020641877584930225,0.022254490005477766,0.02591329795271879,0.042717654352034236,0.0469217180730622,0.021517520090317946,0.0030490914653096245,0.03749500311686947,0.22324211056102564,0.052357513919662584,0.08352067790193912,0.03259976418410832,3.0
4,0.074923069488521,0.06455896052159409,0.07422766758766676,0.04480329431203194,0.06276459866301823,0.06660917735879966,0.02090583655667766,0.022252962673393942,0.02604784092504557,0.04272431159233674,0.04707013050115111,0.021656124897212536,0.0030827116545797555,0.03755735894501389,0.22331343757268857,0.05171289671055924,0.08375171068823754,0.03203790935147175,4.0
