,accuracy,auc_macro,auc_micro,best_params,f1_binary,f1_macro,f1_micro,fold_index,r2,threshold
0,0.9382716049382716,0.9383130081300813,0.9383130081300813,"{'bootstrap': False, 'criterion': 'entropy', 'max_features': 1, 'min_samples_leaf': 1}",0.9387755102040818,0.9382674231518334,0.9382716049382716,0,0.753048780487805,1.0
1,0.8600823045267489,0.8596544715447154,0.8596544715447154,"{'bootstrap': False, 'criterion': 'entropy', 'max_features': 1, 'min_samples_leaf': 1}",0.8661417322834645,0.8597950040727667,0.8600823045267489,1,0.44024390243902467,1.0
2,0.5041322314049587,0.8762295081967214,0.8762295081967214,"{'bootstrap': False, 'criterion': 'entropy', 'max_features': 1, 'min_samples_leaf': 1}",0.6703296703296704,0.3351648351648352,0.5041322314049587,2,-0.9836065573770489,0.0
3,0.9132231404958677,0.9132513661202185,0.9132513661202185,"{'bootstrap': False, 'criterion': 'entropy', 'max_features': 1, 'min_samples_leaf': 1}",0.9135802469135802,0.9132216587264996,0.9132231404958677,3,0.6528688524590164,1.0
4,0.9504132231404959,0.9503415300546448,0.9503415300546448,"{'bootstrap': False, 'criterion': 'entropy', 'max_features': 1, 'min_samples_leaf': 1}",0.951219512195122,0.9503996720639476,0.9504132231404959,4,0.8016393442622951,1.0
