,accuracy,auc_macro,auc_micro,best_params,f1_binary,f1_macro,f1_micro,fold_index,r2,threshold
0,0.7942386831275721,0.888550135501355,0.888550135501355,"{'bootstrap': False, 'criterion': 'entropy', 'min_samples_leaf': 2}",0.8120300751879699,0.7923786739576213,0.7942386831275721,0,0.1768292682926833,0.5056759545923629
1,0.8641975308641975,0.866361788617886,0.866361788617886,"{'bootstrap': False, 'criterion': 'gini', 'min_samples_leaf': 1}",0.8695652173913043,0.8639671580518753,0.8641975308641975,1,0.456707317073171,1.0
2,0.5041322314049587,0.8754098360655739,0.8754098360655739,"{'bootstrap': False, 'criterion': 'entropy', 'min_samples_leaf': 1}",0.6703296703296704,0.3351648351648352,0.5041322314049587,2,-0.9836065573770489,0.0
3,0.8016528925619835,0.8725751366120219,0.8725751366120219,"{'bootstrap': False, 'criterion': 'entropy', 'min_samples_leaf': 2}",0.8208955223880597,0.7993366500829187,0.8016528925619834,3,0.2065573770491803,0.5051546391752584
4,0.9462809917355371,0.9501024590163935,0.9501024590163935,"{'bootstrap': False, 'criterion': 'entropy', 'min_samples_leaf': 1}",0.946938775510204,0.9462727350354367,0.9462809917355371,4,0.7851092896174864,1.0
