,time_to_solve_problem,num_attempts,time_since_previous_problem,user_sequence_num,problem_index,num_problems_in_sequence,day_of_week,weekend_bool,hour_of_day,month,month_user_first,num_first_five_solved_wo_hints,num_all_solved_wo_hints,time_interval,total_time_solving_problems,total_attempts,num_problems,num_sequences,fold_index
0,0.08379877959898753,0.6042764291273244,0.07211919796262345,0.01596313177970242,0.023092084717583065,0.02226192001712505,0.008563693214808186,0.0007081296515515347,0.013461970039505841,0.009582071729241278,0.0071995681378812385,0.02141093144110693,0.037299435587519525,0.018341778435052473,0.018289036675017797,0.016860703686979794,0.017623424014880807,0.009147714183108727,0.0
1,0.09375778156103283,0.6301102856278498,0.06721090533689562,0.013019794143600345,0.020215529069294687,0.01871272057191391,0.006843707577098854,0.0005476175077307513,0.010787341784188982,0.0076919850909904705,0.0057543884446157175,0.023093245587489125,0.0355229745151523,0.014140029516140516,0.01627873896264982,0.014553728785965645,0.014190364608151542,0.007568861309239141,1.0
2,0.08865597173066693,0.63352987154893,0.07727080308036731,0.011964158839268853,0.018225170633255204,0.017595031106252546,0.006182882016017756,0.0004731088951394295,0.009884041985173102,0.007107844727562604,0.005272911677706411,0.022118566477745162,0.03589606472632544,0.014235675757429844,0.015265857373151726,0.014594806555471376,0.014518217129261733,0.007209015740274466,2.0
3,0.08924038371283738,0.5985499083493783,0.07118706768941067,0.015738975603262106,0.023242753957802623,0.022006457638401467,0.00869285411315226,0.0006783643935076934,0.013430504447972865,0.009705214602894347,0.007228524078585675,0.02134850675815868,0.037944964758120064,0.017920269496084894,0.018851700616186184,0.017683512040168183,0.016934862004178063,0.009615175739898592,3.0
4,0.08165274681101206,0.5950254751336862,0.07598908950935689,0.016366292942898823,0.02466474337374462,0.022943860059184303,0.00919610722702569,0.0007614657690323351,0.014319858815082236,0.010113209184137844,0.007664117216605965,0.021240324220214178,0.036886594579305695,0.01862503989497589,0.019738154769517357,0.01746237401574641,0.0179936707293232,0.009356875749150145,4.0
