,time_to_solve_problem,num_attempts,time_since_previous_problem,user_sequence_num,problem_index,num_problems_in_sequence,day_of_week,weekend_bool,hour_of_day,month,month_user_first,num_first_five_solved_wo_hints,num_all_solved_wo_hints,time_interval,total_time_solving_problems,total_attempts,num_problems,num_sequences,fold_index
0,0.01792175833477356,7.318809213997804,0.044958753947570367,0.04182743124970798,0.0,-0.2893652594689445,-0.006187996638710115,-0.025905224864348052,-0.01611121964262375,-0.007516914708613534,0.02842827417255173,-0.45789263388014895,-0.39759238975100414,-0.07193075932354337,-0.28328223113403095,0.1948360118012422,0.11922229411900766,0.21420502737027355,0.0
1,0.017919149435358314,7.318790579232187,0.044898270005680536,0.041846274905525144,0.0,-0.289407197949838,-0.006072149665586286,-0.025823882062279313,-0.016024174948627692,-0.007529047243727999,0.028432638253429968,-0.4579271746134068,-0.3975851957910828,-0.07194981921296505,-0.28326479482142486,0.19484329318513205,0.1192291966173554,0.21422202715179334,1.0
2,0.017895861526433306,7.318804012295878,0.04490209772933118,0.04185079422605511,0.0,-0.2894153038946782,-0.006114966445350082,-0.025854102432954395,-0.016049125345400192,-0.007451701750865461,0.02846357293835675,-0.4579366979222159,-0.3975596032724042,-0.0719080940944228,-0.28328753782785576,0.19479846734384906,0.11924930891369497,0.21426154190057287,2.0
3,0.01794004427763788,7.318788555293341,0.045015301767171445,0.0417925335735509,0.0,-0.28938916517112623,-0.006148199922615271,-0.025900710046722872,-0.016026428611842128,-0.0074339007077028,0.028499538615874256,-0.4579720526937602,-0.39762566327942483,-0.07198127966711565,-0.28335242517747194,0.19472993099855937,0.1191811565884269,0.21419107688011507,3.0
4,0.017922700633135967,7.318771814732941,0.0450075982206983,0.04179456306651913,0.0,-0.2894328094513359,-0.006128151219743536,-0.025868390102917027,-0.01609379088604005,-0.00752344217494706,0.028426678211576642,-0.4580101762820449,-0.39763671083498736,-0.07201804503210517,-0.28339643922134067,0.19464974316545922,0.11916292966867072,0.2142094695500161,4.0
