,time_to_solve_problem,time_since_previous_problem,user_sequence_num,problem_index,num_problems_in_sequence,day_of_week,weekend_bool,hour_of_day,month,month_user_first,num_first_five_solved_wo_hints,num_all_solved_wo_hints,time_interval,total_time_solving_problems,total_attempts,num_problems,num_sequences,fold_index
0,0.19608894922118336,0.1906935283159659,0.044072502147457684,0.08334221844110935,0.05875236117936566,0.02765948755597341,0.0027529755479007182,0.04301438154474615,0.027061781562227608,0.01812007515125968,0.04239698552741256,0.06501312914348076,0.0421823227417547,0.045520149671235244,0.048656975905245634,0.04039467879108975,0.02427749755259204,0.0
1,0.19179174728240284,0.19849729489020146,0.044550446272912374,0.08471366136231147,0.05825223019644655,0.027608228989838342,0.002637955250263902,0.043150713273807755,0.027003725076452195,0.01783260271120923,0.04197714933062839,0.06512755815858345,0.04110816784696635,0.04478780481518799,0.04782998713999272,0.039609915728586007,0.023520811674209115,1.0
2,0.1954498351823357,0.18912477945242595,0.04553223751894853,0.08173497285195673,0.05882623514783271,0.027723510839661656,0.0026120819735279198,0.04314046772005268,0.027679374815772855,0.019285030630965077,0.0414939495342105,0.06489363125787054,0.04224585093779714,0.04622648890585895,0.04929666424494338,0.0403548705530162,0.02438001843282354,2.0
3,0.18645491417474724,0.19942686241301877,0.04479275465507101,0.08219307375060989,0.05905447822805645,0.02764041585679834,0.002544410867445237,0.042908725155387524,0.02713975157535206,0.018757575281467976,0.040455925208086455,0.06656215465967531,0.041845448715975196,0.046413347139493126,0.049425908286721575,0.04099897022788567,0.023385283804208096,3.0
4,0.19256157351484213,0.1916919655571544,0.04502870331057716,0.08110526684405885,0.0588978987295216,0.027938607108776495,0.0026689609131052006,0.04325585134426288,0.027312358468175483,0.018847709507240275,0.04166780370345133,0.06541560232287844,0.042703809799926516,0.04624685245075952,0.04945176854414914,0.04072418639205913,0.024481081489061494,4.0
