,time_to_solve_problem,num_attempts,time_since_previous_problem,user_sequence_num,problem_index,num_problems_in_sequence,day_of_week,weekend_bool,hour_of_day,month,month_user_first,num_first_five_solved_wo_hints,num_all_solved_wo_hints,time_interval,total_time_solving_problems,total_attempts,num_problems,num_sequences,fold_index
0,0.08178768843159881,0.6050657542513458,0.06936326561069994,0.016113715445015428,0.023639744222695436,0.022740147483494864,0.009140481447608005,0.000863233557457883,0.013827760309901283,0.010060771304322895,0.0076822736395249416,0.023196669599247106,0.03553474229613487,0.017600341255956317,0.01869130504366498,0.01766165689923093,0.016984077499724838,0.010046371702375679,0.0
1,0.09952035910549545,0.5955285633577805,0.07859774556718878,0.014258731530290242,0.021277537813772507,0.02081008780195225,0.007682949890969669,0.0007914089180401374,0.011982358410913375,0.008808774743730161,0.006678088416627641,0.027525440235063325,0.032235619368060256,0.015932318805549163,0.017056001926840578,0.016044777898629497,0.015687153265963618,0.009582082943132729,1.0
2,0.0887469155705787,0.6327009124967676,0.07413307327251382,0.01241290878352464,0.018566684308559556,0.018222142736460327,0.0065992939757676195,0.0005950807840410596,0.01042060801458748,0.007249111914541104,0.005691069033933009,0.024676059287501554,0.03294372838733922,0.013965146930667837,0.01601681704742502,0.014337518906799424,0.014643531268398078,0.008079397280593838,2.0
3,0.08577316908701489,0.597789975687219,0.07230970875222326,0.016011031187690514,0.023151966426248945,0.02272008997688684,0.009108663628872063,0.0008206972941940661,0.013900732813148332,0.010023744556986599,0.007739107911022281,0.022078211415173837,0.03660593422953181,0.01798142177220813,0.01853566275223676,0.01800337633381581,0.01774966830449433,0.009696837871032416,3.0
4,0.07990923824394999,0.5819906449253396,0.08313883679331553,0.016925831204988806,0.025275825982198033,0.023578575267681118,0.01006677039839722,0.001035703337330204,0.015450801270877019,0.010778295005730408,0.008249410965653937,0.023651644838946228,0.03436758294822566,0.01836734861017903,0.01971817261222588,0.018408113071417827,0.0184291468479322,0.010658057675611296,4.0
