,time_to_solve_problem,time_since_previous_problem,user_sequence_num,problem_index,num_problems_in_sequence,day_of_week,weekend_bool,hour_of_day,month,month_user_first,num_first_five_solved_wo_hints,num_all_solved_wo_hints,time_interval,total_time_solving_problems,total_attempts,num_problems,num_sequences,fold_index
0,0.23724901338719534,0.05027852869321806,0.05451068224619373,0.016456490867362183,-0.06326135306257613,-0.0056898859406021365,-0.013609585829147995,5.597519022593211e-05,-0.003287286847551425,0.018707317668701914,-0.13500042254947686,-1.4917923754995939,-0.009549830800051938,-0.1184717600913134,-0.33931188193547485,1.8750859427759508,-0.006654171376810352,0.0
1,0.22059538811457913,0.09948150505776925,0.07535475262630585,0.011524316054809525,-0.08456230898134617,-0.02380906916965534,-0.015763104546037413,-0.009977687128806825,0.011253350448401601,0.011361104530830429,-0.14599853022627785,-1.5389284293395384,-0.02168509618370956,-0.08743523063783523,-0.31450140529744014,1.9605736200017678,0.04038632880926164,1.0
2,0.1448208090757656,0.11338853981772529,0.07706333955835729,0.006878787053472852,-0.08931862709504769,-0.011287673400809533,-0.022864867990723042,-0.01692723336125206,-0.014835771971036913,0.02004727526170648,-0.14267150942598128,-1.540257055944877,-0.012354466705900579,-0.1289904452303593,-0.3443881122887838,1.9569733315855184,-0.012291626785434632,2.0
3,0.4406318758914326,0.028594489073485028,0.014120627967564671,0.01172090830883051,-0.08178192039695108,0.0033134868709069646,0.018774421685033967,-0.007143379530063226,0.0016699097527525571,0.005753163064978708,-0.1453232330035624,-1.530795976623673,-0.009516812140050235,-0.1313809088094124,-0.34031518138271444,1.9420873432213934,-0.005899251564516969,3.0
4,0.4897555085319949,-0.008348386561372418,0.0037616900077281673,0.05359641924432605,-0.07173536728000719,0.00038759472757450596,0.008662925751730997,-0.013449522333274016,0.007606960533438791,0.016863746537681783,-0.1562115356224173,-1.53057738048521,-0.013028353833276751,-0.11393916641111443,-0.3637112397670871,1.9489545705053872,-0.011230049021902735,4.0
