,accuracy,auc_macro,auc_micro,best_params,f1_binary,f1_macro,f1_micro,fold_index,r2,threshold
0,0.9145991139584604,0.9586355010260926,0.9586355010260926,"{'bootstrap': False, 'criterion': 'entropy', 'max_features': 2, 'min_samples_leaf': 5}",0.8189464502663468,0.8815336039429033,0.9145991139584604,0,0.5285330029557557,0.6136010372560505
1,0.9232391210115274,0.9635500034082072,0.9635500034082072,"{'bootstrap': False, 'criterion': 'entropy', 'max_features': 3, 'min_samples_leaf': 5}",0.8372636366468335,0.8935188484166771,0.9232391210115274,1,0.5762313158019385,0.6077152287371984
2,0.9253324516934832,0.9650819652889646,0.9650819652889646,"{'bootstrap': False, 'criterion': 'entropy', 'max_features': 3, 'min_samples_leaf': 5}",0.841700285042289,0.8964220854686638,0.9253324516934832,2,0.5877811371855917,0.6092639296540742
3,0.9112115200940416,0.9568746321135337,0.9568746321135337,"{'bootstrap': False, 'criterion': 'gini', 'max_features': 2, 'min_samples_leaf': 5}",0.811763056650208,0.8768337009631804,0.9112115200940416,3,0.5098233831435477,0.6130184960316962
4,0.913238654313822,0.9580116514221696,0.9580116514221696,"{'bootstrap': False, 'criterion': 'entropy', 'max_features': 2, 'min_samples_leaf': 5}",0.8160620551081759,0.8796463282266291,0.913238654313822,4,0.521017052471769,0.6126651402710808
