,time_to_solve_problem,num_attempts,time_since_previous_problem,user_sequence_num,problem_index,num_problems_in_sequence,day_of_week,weekend_bool,hour_of_day,month,month_user_first,num_first_five_solved_wo_hints,num_all_solved_wo_hints,time_interval,total_time_solving_problems,total_attempts,num_problems,num_sequences,fold_index
0,0.06638752703464249,0.6250280724791696,0.06848402393290023,0.01622721037104015,0.023136958597450227,0.021561295278998433,0.008302674094296306,0.0004049123862475977,0.013765635327733951,0.009165445682570295,0.006928343866544951,0.01917380136776792,0.043411720066766434,0.018839405268510964,0.021785149808863924,0.014703739596504999,0.015237107816373233,0.00745697702361827,0.0
1,0.06773023343908827,0.6216888494208934,0.06984278719101013,0.016391179396390402,0.02296831011611264,0.022008848344839384,0.008327386887170319,0.0004294203798176126,0.013720413283338413,0.009037525425989248,0.006936272514973977,0.01927059665144852,0.04360626455204996,0.019177859905347084,0.02110072835558152,0.014685575428967814,0.015642407406941772,0.007435341300039441,1.0
2,0.07079503167991674,0.6219840488579003,0.06706740575925106,0.01616223140978655,0.023046539744957805,0.02214678001460073,0.008393451712346418,0.00040563754703415363,0.013698450132795003,0.009196019156532006,0.006770153454547043,0.018611664848225504,0.04371394002242284,0.019148100617237394,0.020849060537196613,0.014767299586294174,0.015775089904938543,0.007469095014017154,2.0
3,0.0741816964540512,0.6691775159042609,0.061095099246529595,0.012210240509977512,0.01816185577383153,0.017352783496199984,0.00618539979792559,0.00032831083502592867,0.01032627234479472,0.006840217262098348,0.004983472718840076,0.018307502195594946,0.041058698795925025,0.014149414686680042,0.01588334856411022,0.011593942241068769,0.012458028089317934,0.005706201083767649,3.0
4,0.06754862536288707,0.6253491925781044,0.06638472239212106,0.016047755740915402,0.02288053326829158,0.021729704423223816,0.008408608034456342,0.0004121809868774232,0.013545617324372377,0.00918785840388897,0.006798934127070879,0.018355742338687756,0.04409754778064718,0.019252317485119283,0.022099051473523482,0.014670359801651725,0.015452875082005728,0.007778373396155384,4.0
