,accuracy,auc_macro,auc_micro,best_params,f1_binary,f1_macro,f1_micro,fold_index,r2,threshold
0,0.957696291996973,0.9781965430932038,0.9781965430932038,"{'bootstrap': False, 'criterion': 'entropy', 'min_samples_leaf': 5}",0.9114861956588576,0.9418462980997382,0.957696291996973,0,0.7664567301289781,0.6856417023270724
1,0.9618473157937272,0.978096104638094,0.978096104638094,"{'bootstrap': False, 'criterion': 'gini', 'min_samples_leaf': 4}",0.9195021004169831,0.9472505085905705,0.9618473157937272,1,0.7893730113858601,0.7104570430634242
2,0.9582176181030049,0.9791935587415788,0.9791935587415788,"{'bootstrap': False, 'criterion': 'gini', 'min_samples_leaf': 5}",0.912514421967541,0.9425347488068045,0.958217618103005,2,0.7693310368173236,0.6856422192204965
3,0.9607229446770994,0.9801739691316439,0.9801739691316439,"{'bootstrap': False, 'criterion': 'entropy', 'min_samples_leaf': 5}",0.9167911841613747,0.9455429003721881,0.9607229446770994,3,0.7831622512441379,0.7104575363844846
4,0.9650941524807324,0.9800832836214298,0.9800832836214298,"{'bootstrap': False, 'criterion': 'entropy', 'min_samples_leaf': 4}",0.9259980374137474,0.9515792789740634,0.9650941524807324,4,0.8072954540006245,0.722494278160105
