,accuracy,auc_macro,auc_micro,best_params,f1_binary,f1_macro,f1_micro,fold_index,r2,threshold
0,0.9487109785395743,0.9750186867928138,0.9750186867928138,"{'bootstrap': False, 'criterion': 'gini', 'max_features': 5, 'min_samples_leaf': 5}",0.8923565602208071,0.9293459666980806,0.9487109785395743,0,0.7168521071605412,0.6206103632263973
1,0.9481452637920521,0.9754944035032168,0.9754944035032168,"{'bootstrap': False, 'criterion': 'gini', 'max_features': 5, 'min_samples_leaf': 5}",0.8915688563878817,0.9287468189630231,0.9481452637920521,1,0.7137290033432314,0.6206103632263973
2,0.9512379692895452,0.9759968500007831,0.9759968500007831,"{'bootstrap': False, 'criterion': 'gini', 'max_features': 5, 'min_samples_leaf': 5}",0.8968529023234129,0.9324625305363305,0.9512379692895452,2,0.7307983280036181,0.620610927881696
3,0.9506428623907134,0.9761062136744321,0.9761062136744321,"{'bootstrap': False, 'criterion': 'gini', 'max_features': 5, 'min_samples_leaf': 5}",0.8955859496425241,0.9316346142286125,0.9506428623907134,3,0.7275129075679233,0.620610927881696
4,0.9498122828027536,0.9765462489205348,0.9765462489205348,"{'bootstrap': False, 'criterion': 'entropy', 'max_features': 5, 'min_samples_leaf': 5}",0.8946954631642233,0.9308755035993387,0.9498122828027536,4,0.7229289089198623,0.6206114925353142
