,accuracy,auc_macro,auc_micro,best_params,f1_binary,f1_macro,f1_micro,fold_index,r2,threshold
0,0.6538461538461539,0.7185133136094675,0.7185133136094675,"{'bootstrap': False, 'criterion': 'entropy', 'min_samples_leaf': 5}",0.6703296703296704,0.6529786003470214,0.6538461538461539,0,-0.3846153846153846,0.4990384615384614
1,0.6846153846153846,0.72875,0.72875,"{'bootstrap': False, 'criterion': 'entropy', 'min_samples_leaf': 5}",0.6846153846153846,0.6846153846153846,0.6846153846153846,1,-0.2615384615384615,0.4458191063382285
2,0.7076923076923077,0.7807174556213019,0.7807174556213019,"{'bootstrap': False, 'criterion': 'entropy', 'min_samples_leaf': 3}",0.7275985663082437,0.706122934606404,0.7076923076923077,2,-0.1692307692307693,0.4990384615384614
3,0.8307692307692308,0.9024482248520711,0.9024482248520711,"{'bootstrap': False, 'criterion': 'entropy', 'min_samples_leaf': 1}",0.8445229681978799,0.8294344798795307,0.8307692307692308,3,0.32307692307692304,0.4990384615384614
4,0.7173076923076923,0.79155325443787,0.79155325443787,"{'bootstrap': False, 'criterion': 'entropy', 'min_samples_leaf': 3}",0.7322404371584699,0.716425717560905,0.7173076923076923,4,-0.13076923076923075,0.4990384615384614
