,accuracy,auc_macro,auc_micro,best_params,f1_binary,f1_macro,f1_micro,fold_index,r2,threshold
0,0.7961538461538461,0.872241124260355,0.872241124260355,"{'bootstrap': False, 'criterion': 'entropy', 'max_features': 4, 'min_samples_leaf': 3}",0.7961538461538461,0.7961538461538461,0.7961538461538461,0,0.18461538461538463,0.4490745530210721
1,0.7269230769230769,0.7992307692307692,0.7992307692307692,"{'bootstrap': False, 'criterion': 'entropy', 'max_features': 4, 'min_samples_leaf': 5}",0.7279693486590039,0.7269190372638649,0.7269230769230769,1,-0.0923076923076922,0.4990384615384614
2,0.7423076923076923,0.8274260355029583,0.8274260355029583,"{'bootstrap': False, 'criterion': 'entropy', 'max_features': 4, 'min_samples_leaf': 5}",0.7471698113207546,0.7422123566407695,0.7423076923076923,2,-0.03076923076923066,0.4990384615384614
3,0.7384615384615385,0.829430473372781,0.829430473372781,"{'bootstrap': False, 'criterion': 'entropy', 'max_features': 4, 'min_samples_leaf': 5}",0.739463601532567,0.7384576694921522,0.7384615384615385,3,-0.04615384615384621,0.5546056849754217
4,0.7884615384615384,0.8631952662721893,0.8631952662721893,"{'bootstrap': False, 'criterion': 'entropy', 'max_features': 4, 'min_samples_leaf': 3}",0.7884615384615384,0.7884615384615384,0.7884615384615384,4,0.15384615384615385,0.5292844674204936
