,accuracy,auc_macro,auc_micro,best_params,f1_binary,f1_macro,f1_micro,fold_index,r2,threshold
0,0.8331143232588699,0.9487891891957396,0.9487891891957396,"{'bootstrap': True, 'criterion': 'gini', 'min_samples_leaf': 3}",0.8856061970816069,0.7886020300609589,0.8331143232588699,0,0.2680134123191449,0.30546742858755077
1,0.8346911957950066,0.9378471458529116,0.9378471458529116,"{'bootstrap': True, 'criterion': 'gini', 'min_samples_leaf': 3}",0.8866870834083949,0.7905994911942411,0.8346911957950066,1,0.2749298210216412,0.3097996098246123
2,0.8293901156677181,0.937053645573825,0.937053645573825,"{'bootstrap': True, 'criterion': 'gini', 'min_samples_leaf': 5}",0.8830419895476664,0.7839202176975826,0.8293901156677181,2,0.2517684454773256,0.3206249893633163
3,0.8327636076781488,0.9328354021574491,0.9328354021574491,"{'bootstrap': True, 'criterion': 'entropy', 'min_samples_leaf': 5}",0.8853640951694304,0.7881630971473974,0.8327636076781488,3,0.26640061000132853,0.2965225054804996
4,0.8311859058637917,0.9383796142117691,0.9383796142117691,"{'bootstrap': True, 'criterion': 'entropy', 'min_samples_leaf': 5}",0.8842826243691421,0.7861646357997314,0.8311859058637917,4,0.25947986103907683,0.30329853618526414
