,MDVP:Fo(Hz),MDVP:Fhi(Hz),MDVP:Flo(Hz),MDVP:Jitter(%),MDVP:Jitter(Abs),MDVP:RAP,MDVP:PPQ,Jitter:DDP,MDVP:Shimmer,MDVP:Shimmer(dB),Shimmer:APQ3,Shimmer:APQ5,MDVP:APQ,Shimmer:DDA,NHR,HNR,RPDE,DFA,spread1,spread2,D2,PPE,fold_index
0,0.04372765750187829,0.035070295317205645,0.053184838210708865,0.013144755164738368,0.05763987280973731,0.046524280290157864,0.09256471256952693,0.09491384280057687,0.02361426890881001,0.03402600896419167,0.037348367491171514,0.02561619079657484,0.03359092299300756,0.05472606904291972,0.06288938213918098,0.019470159607269232,0.009239132645059506,0.009624364148167175,0.08336219176055282,0.01943508772325518,0.01377698667971848,0.13651061243559112,0.0
1,0.04586698048688101,0.034889759938950896,0.04722133759588032,0.016076317770085474,0.05942134546417898,0.044378437648199244,0.09376117931492606,0.09675812177979043,0.024951845608010295,0.034819333784943306,0.033392656833690006,0.023989987093328627,0.03320846310799142,0.051283838532477005,0.06933105540205341,0.02349306810084068,0.008683793990159321,0.011196104636514041,0.08379745315941695,0.018493471305780957,0.013962618378456334,0.13102283006744517,1.0
2,0.04566082847977893,0.03437536196927048,0.04474920905831828,0.01605382571659276,0.05657998040220599,0.04411024346993247,0.09409655330764656,0.09706249329671322,0.02355278222947784,0.033930695128260496,0.03563204986420871,0.024169039564450098,0.033751702467098584,0.05149498447694869,0.07023887126125886,0.025924342057032698,0.008695314171043803,0.010632431960435514,0.08626919518489037,0.017826582875198962,0.013887825867075643,0.131305687192161,2.0
3,0.06301786782492522,0.0326577191935519,0.03735604128597612,0.0428985517271542,0.06481273550202969,0.0559938764125948,0.10605977843001183,0.09630642115183513,0.009232847369710619,0.03601166746963105,0.021572478978865564,0.02061060968921443,0.040542715441991464,0.021361871500835142,0.05968701985043177,0.021337084022298784,0.007937515048522357,0.009679617073767457,0.07779264299393106,0.016481160405479547,0.013693752506746995,0.14495602612049488,3.0
4,0.06301786782492523,0.03265771919355184,0.03735604128597614,0.04289855172715417,0.06481273550202972,0.055993876412594776,0.10605977843001183,0.09630642115183514,0.009232847369710622,0.03601166746963105,0.02157247897886556,0.020610609689214444,0.04054271544199144,0.021361871500835145,0.05968701985043176,0.02133708402229879,0.007937515048522357,0.009679617073767459,0.07779264299393106,0.016481160405479554,0.013693752506746981,0.14495602612049494,4.0
