,MDVP:Fo(Hz),MDVP:Fhi(Hz),MDVP:Flo(Hz),MDVP:Jitter(%),MDVP:Jitter(Abs),MDVP:RAP,MDVP:PPQ,Jitter:DDP,MDVP:Shimmer,MDVP:Shimmer(dB),Shimmer:APQ3,Shimmer:APQ5,MDVP:APQ,Shimmer:DDA,NHR,HNR,RPDE,DFA,spread1,spread2,D2,PPE,fold_index
0,-0.3488807208394009,0.0,-0.5603181183386089,0.0,0.0,0.0,0.0,0.0,0.0,0.0,0.0,0.0,0.0,0.0,0.0,0.0,-2.279933336867287,-1.160818352490783,7.616645537966738,0.0,0.0,5.285060337020698,0.0
1,-0.12464126306499795,0.0,-0.7006259895923025,0.0,0.0,0.0,0.20757320823890132,0.0,0.0,0.0,0.0,0.0,0.0,0.0,0.0,0.0,-2.264759908763083,-1.1928659744559635,7.4523138959772215,0.0,0.0,6.619403284703418,1.0
2,0.0,0.0,-0.6559545878861949,0.0,0.0,0.0,0.0,0.0,0.0,0.0,0.0,0.0,0.0,0.0,0.0,0.0,-1.8794657432920332,-0.7055411588693141,6.754898136241044,0.0,0.0,4.394479296113623,2.0
3,0.0,0.0,-0.4800754351942412,0.0,0.0,0.0,0.0,0.0,0.0,0.0,0.0,0.0,0.0,0.0,0.0,0.0,-0.6930735113505742,0.0,3.1838507329363956,0.0,0.11225993067200124,1.5067719500528125,3.0
4,-10.521519877860014,2.735848078485145,0.0,-8.386758637013479,-13.227652688268009,7.146533761815334,1.2004795133246604,7.117955647633747,0.0,0.0,-2.3455068287792344,3.012317296157383,0.0,-2.3416584305791117,2.898076912252075,0.0,-12.136240331572349,-7.887288104163401,29.574959517056776,2.4710376548504684,0.9013979897670701,21.93900174907978,4.0
