,MDVP:Fo(Hz),MDVP:Fhi(Hz),MDVP:Flo(Hz),MDVP:Jitter(%),MDVP:Jitter(Abs),MDVP:RAP,MDVP:PPQ,Jitter:DDP,MDVP:Shimmer,MDVP:Shimmer(dB),Shimmer:APQ3,Shimmer:APQ5,MDVP:APQ,Shimmer:DDA,NHR,HNR,RPDE,DFA,spread1,spread2,D2,PPE,fold_index
0,-1.33785042684843,0.5638766758431504,0.006850839314111883,-2.3844481979217216,-1.5319165376918846,1.4447477128015351,0.5661126047366455,1.4330612356451342,0.03447727132607591,-0.09935514792749489,-0.24633669457097263,0.5506091267938326,0.09593192297964251,-0.2491495625170005,1.0090300240846453,0.03913215940862804,-0.6820138791194321,-0.19133209099812287,1.3221492074524617,0.17886889556222832,0.16670394798479257,0.6953871395127695,0.0
1,-1.7131312716285454,0.8017708824071752,0.08159033102684644,-2.926638952728165,-1.8152271710902017,1.7410135027254783,0.653402663741617,1.724314573692412,0.040929665753432265,-0.06869684128249462,-0.2569750661016633,0.4135521746358879,0.1703410141065743,-0.25986634851077367,1.2066034137711181,-0.04287566610160636,-0.7894435981004202,-0.18246874561456183,1.5350648406436918,0.18387234279565598,0.19746232827561117,0.6184926540492005,1.0
2,-1.327305736200949,0.5419389902068342,-0.0034943589826358415,-2.3803665511729735,-1.5514044271979803,1.4570416729320044,0.5614093788055351,1.4451480496392284,0.031780981940007835,-0.08204820901882229,-0.25012766487239,0.5482130091059291,0.08783551096930732,-0.25296192116883365,0.979947952957874,0.03204792624572384,-0.6812589875117167,-0.18673694301922364,1.3162744899006664,0.18117846700523516,0.18163330824766705,0.6946847780282157,2.0
3,-1.7352551799974014,0.8458606391745038,0.10964282353418484,-2.945299636960099,-1.7734306319173376,1.7127456478882985,0.6792334548420859,1.696608889896968,0.04608800763231644,-0.11324209901702346,-0.2380540366809362,0.40333606298461827,0.1854188922019226,-0.2409315831477316,1.282275848696413,-0.030205318463066393,-0.7925416218161484,-0.19571424173899943,1.520828002467073,0.17889672614068336,0.1493501500732176,0.6601413558638066,3.0
4,-0.8006408355893119,0.19248677917289778,-0.11247494606629077,-1.3252470173754982,-1.1037441827955292,0.9339659037268715,0.3276852289685322,0.9301817543068528,0.02496420929297878,-0.035331179514000034,-0.23546589216038236,0.573992909099132,0.04342466118291648,-0.23725247472126074,0.477218630987842,0.08184291843969681,-0.5226012147791554,-0.22583120300746357,1.0357033859363143,0.15547695025191954,0.15768492361693817,0.6229784162032965,4.0
