,accuracy,auc_macro,auc_micro,best_params,f1_binary,f1_macro,f1_micro,fold_index,r2,threshold
0,0.825,0.8733333333333333,0.8733333333333333,"{'alpha': 0.00825, 'l1_ratio': 0.03}",0.888888888888889,0.738562091503268,0.825,0,0.06666666666666665,0.4444014077991945
1,0.825,0.7966666666666666,0.7966666666666666,"{'alpha': 0.00825, 'l1_ratio': 0.001}",0.888888888888889,0.738562091503268,0.825,1,0.06666666666666665,0.42057799232885945
2,0.8974358974358975,0.9655172413793104,0.9655172413793104,"{'alpha': 0.001, 'l1_ratio': 0.001}",0.9354838709677419,0.8427419354838709,0.8974358974358975,2,0.4620689655172415,0.05744686723005177
3,0.8157894736842105,0.8352490421455938,0.8352490421455938,"{'alpha': 0.00825, 'l1_ratio': 0.001}",0.8852459016393444,0.7092896174863388,0.8157894736842104,3,-0.019157088122605304,0.4949134996534323
4,0.9210526315789473,0.89272030651341,0.89272030651341,"{'alpha': 0.001, 'l1_ratio': 0.001}",0.9508196721311475,0.8754098360655738,0.9210526315789473,4,0.5632183908045977,0.4345634191560175
