,MDVP:Fo(Hz),MDVP:Fhi(Hz),MDVP:Flo(Hz),MDVP:Jitter(%),MDVP:Jitter(Abs),MDVP:RAP,MDVP:PPQ,Jitter:DDP,MDVP:Shimmer,MDVP:Shimmer(dB),Shimmer:APQ3,Shimmer:APQ5,MDVP:APQ,Shimmer:DDA,NHR,HNR,RPDE,DFA,spread1,spread2,D2,PPE,fold_index
0,0.04599054810416334,0.0345123307237338,0.04756246340942703,0.015219407357969344,0.05833457875384834,0.04399764772806769,0.08983388144347075,0.0970149841325931,0.027213877853558076,0.03230108918287548,0.035245007267975616,0.026272263143361133,0.03364834033718,0.0532410548191997,0.06742756662413728,0.021146620692059272,0.009569927542438867,0.009851978896842676,0.08714534309775113,0.01913043511045049,0.013702874240295617,0.13163777953860126,0.0
1,0.05981053538285844,0.032258945641712285,0.03854189962473146,0.0418969097362345,0.06688798167807751,0.05587681834293923,0.10914659378192809,0.09690774391617774,0.018406151038917275,0.02802998068454423,0.021168052142745433,0.021405734885256423,0.0353944760597984,0.02311924046481522,0.05933130225869304,0.022574457323552267,0.008165478473523013,0.01113353713962486,0.07559057091651585,0.016286740943823007,0.013071505471100742,0.14499534409243106,1.0
2,0.06234448183015581,0.026567515718518463,0.038968352475723056,0.0391363832263301,0.06624124966379458,0.05721772718570756,0.11314585057975321,0.09985595992907084,0.020603467662763445,0.02664580961887796,0.020342943700371548,0.020880427021881177,0.03553430172879222,0.02321025597060615,0.060712834744557735,0.018995761446397197,0.006244846990256312,0.011444312031928982,0.08243929950170675,0.010800035942049355,0.0114429427219093,0.14722524030884818,2.0
3,0.05050802483737837,0.031511402376675136,0.04553838570156059,0.016463708999380912,0.0557271014793898,0.04428067605671933,0.09364868344529093,0.09567028950715162,0.015003373582847892,0.03981904486013208,0.03434092391782254,0.024053505669953658,0.03375356360672871,0.05269743496883292,0.07053561488832172,0.02568121629263485,0.012053363822075567,0.01138478018962238,0.08140881697159585,0.018239378003625066,0.01371390678078186,0.1339668040414782,3.0
4,0.05050802483737838,0.031511402376675136,0.04553838570156059,0.016463708999380912,0.0557271014793898,0.04428067605671933,0.0936486834452909,0.09567028950715162,0.015003373582847892,0.03981904486013207,0.03434092391782255,0.024053505669953658,0.03375356360672871,0.05269743496883289,0.07053561488832173,0.025681216292634857,0.01205336382207556,0.011384780189622381,0.08140881697159585,0.018239378003625066,0.013713906780781866,0.13396680404147823,4.0
