,MDVP:Fo(Hz),MDVP:Fhi(Hz),MDVP:Flo(Hz),MDVP:Jitter(%),MDVP:Jitter(Abs),MDVP:RAP,MDVP:PPQ,Jitter:DDP,MDVP:Shimmer,MDVP:Shimmer(dB),Shimmer:APQ3,Shimmer:APQ5,MDVP:APQ,Shimmer:DDA,NHR,HNR,RPDE,DFA,spread1,spread2,D2,PPE,fold_index
0,-0.8676837465757489,0.13680439939641018,-0.5130666788653816,-0.43403246093999936,-0.37573749604669865,0.6675775822167751,0.5532440145579222,0.6676919604478572,0.06254024386135898,0.10943374023574444,-0.2502124613029019,0.5836073076762156,0.2580064401907468,-0.250743030910859,0.44323061303185574,0.005345350490956919,-0.9567970130628765,-0.6802498872738993,2.078207000757135,0.1793382762053943,0.4988474536402573,1.675048826873032,0.0
1,-2.451657657955066,0.923134564226932,-0.2243275378394496,-2.306828841352184,-1.7550658617312926,1.8124251638172832,1.7252586601237816,1.8056968381892142,0.027697505262684698,0.3137288678350158,-1.1345995305961958,1.9228957341945871,0.7858546703102381,-1.1368006952617078,2.1093779292551282,0.5954072510500678,-2.1257076582610757,-1.3597401105071398,4.754335891306249,0.42386299695920343,0.5865240572665179,3.673373003082619,1.0
2,-2.4045423067609684,0.7954721858292197,-0.2447087877014507,-2.4289727148132902,-1.862830993628866,1.8367005243506005,1.5915477283905644,1.8291203913245493,0.0,0.25862077051965726,-1.0512854576669781,1.8821162130482192,0.6977020569796741,-1.0536380714991125,1.9495909772781592,0.49192683964071404,-2.059639469336762,-1.2883833422427773,4.550424002712033,0.4156432090463106,0.5652471040735533,3.4420913866640332,2.0
3,-2.387309158197942,0.7878978584125051,-0.245424279733617,-2.3916302733179298,-1.8412671127705689,1.8257128897500954,1.5855703168963307,1.8184283097181781,0.03415417111247015,0.2722635768477015,-1.0648357767154646,1.863338687641931,0.7014038243963997,-1.06705239707029,1.9349933359071958,0.5042861739696478,-2.0462901993156035,-1.297951505192903,4.515061309897988,0.414661878816566,0.5701485107851513,3.4232610993150923,3.0
4,-0.863395315452132,0.12593216271561458,-0.5140894946440626,-0.4555218796858812,-0.4043905994245516,0.6577061164622532,0.5241943197736915,0.6578647111332974,0.06043171343455219,0.09981989448923102,-0.24242136256775548,0.5737554169471898,0.2419847336956622,-0.24295551190253306,0.4037599396280469,-0.016237032379862185,-0.9420064579104398,-0.6701867902340005,2.040957132026567,0.1754506343883798,0.4964762060957664,1.642958846639865,4.0
