,accuracy,auc_macro,auc_micro,best_params,f1_binary,f1_macro,f1_micro,fold_index,r2,threshold
0,0.775,0.7333333333333334,0.7333333333333334,"{'bootstrap': True, 'criterion': 'entropy', 'min_samples_leaf': 3}",0.8571428571428572,0.6638655462184875,0.775,0,-0.19999999999999996,0.3251965707053991
1,0.875,0.75,0.75,"{'bootstrap': False, 'criterion': 'entropy', 'min_samples_leaf': 1}",0.923076923076923,0.7948717948717948,0.875,1,0.33333333333333337,1.0
2,0.7435897435897436,0.9327586206896552,0.9327586206896552,"{'bootstrap': False, 'criterion': 'entropy', 'min_samples_leaf': 1}",0.8529411764705882,0.4264705882352941,0.7435897435897437,2,-0.34482758620689613,0.0
3,0.8421052631578947,0.921455938697318,0.921455938697318,"{'bootstrap': False, 'criterion': 'gini', 'min_samples_leaf': 3}",0.9032258064516129,0.7373271889400921,0.8421052631578947,3,0.12643678160919547,0.15286624203821655
4,0.868421052631579,0.8045977011494253,0.8045977011494253,"{'bootstrap': False, 'criterion': 'gini', 'min_samples_leaf': 3}",0.9180327868852458,0.7923497267759563,0.868421052631579,4,0.27203065134099613,0.07380871158132814
