,MDVP:Fo(Hz),MDVP:Fhi(Hz),MDVP:Flo(Hz),MDVP:Jitter(%),MDVP:Jitter(Abs),MDVP:RAP,MDVP:PPQ,Jitter:DDP,MDVP:Shimmer,MDVP:Shimmer(dB),Shimmer:APQ3,Shimmer:APQ5,MDVP:APQ,Shimmer:DDA,NHR,HNR,RPDE,DFA,spread1,spread2,D2,PPE,fold_index
0,0.02981524792118633,0.01146746642804672,0.030408345563883835,0.025260303468920095,0.013172136637337774,0.14954484321731978,0.07094990171042896,0.16209927869268217,0.012195043512622062,0.017215908494263917,0.014403772020330946,0.015820583459257086,0.025211417231591215,0.00935301073902045,0.03403838241879535,0.013099658059755402,0.003465633120047285,0.006108619611468633,0.13683622325409017,0.007341292201427371,0.008158259208677757,0.2040346730288467,0.0
1,0.039044442063151955,0.014438472366565298,0.05169518530917052,0.031131619269442513,0.044217376953994754,0.11219834806704782,0.08921093688529279,0.1405140883966623,0.01582283810963001,0.011628194957394708,0.013135350103281516,0.012160008447117706,0.0216663200739452,0.01315368870458392,0.04390427462509867,0.012215559836046407,0.008247584694220789,0.010764045208494642,0.13230635423943476,0.0082214594681376,0.010816902024895358,0.16350695019639083,1.0
2,0.03361206283902134,0.01327683686626113,0.030102661820565205,0.024264715735471388,0.011846658827416662,0.14877888002042097,0.07186314223712661,0.162406518352622,0.01057141434501719,0.013123040367531636,0.013679824584671891,0.01584833984488672,0.02606568924759342,0.009297226215889813,0.0342378475160341,0.01294592409055799,0.003005425525253268,0.005662124180021105,0.14006685173086497,0.008578274836855502,0.007684251249226764,0.2030822895666903,2.0
3,0.06301786782492522,0.0326577191935519,0.03735604128597612,0.0428985517271542,0.06481273550202969,0.0559938764125948,0.10605977843001183,0.09630642115183513,0.009232847369710619,0.03601166746963105,0.021572478978865564,0.02061060968921443,0.040542715441991464,0.021361871500835142,0.05968701985043177,0.021337084022298784,0.007937515048522357,0.009679617073767457,0.07779264299393106,0.016481160405479547,0.013693752506746995,0.14495602612049488,3.0
4,0.06301786782492523,0.03265771919355184,0.03735604128597614,0.04289855172715417,0.06481273550202972,0.055993876412594776,0.10605977843001183,0.09630642115183514,0.009232847369710622,0.03601166746963105,0.02157247897886556,0.020610609689214444,0.04054271544199144,0.021361871500835145,0.05968701985043176,0.02133708402229879,0.007937515048522357,0.009679617073767459,0.07779264299393106,0.016481160405479554,0.013693752506746981,0.14495602612049494,4.0
