,MDVP:Fo(Hz),MDVP:Fhi(Hz),MDVP:Flo(Hz),MDVP:Jitter(%),MDVP:Jitter(Abs),MDVP:RAP,MDVP:PPQ,Jitter:DDP,MDVP:Shimmer,MDVP:Shimmer(dB),Shimmer:APQ3,Shimmer:APQ5,MDVP:APQ,Shimmer:DDA,NHR,HNR,RPDE,DFA,spread1,spread2,D2,PPE,fold_index
0,0.05992795832195505,0.04925816187396787,0.04181737207396817,0.04100467978090936,0.04643714666860665,0.05914124862363161,0.10570860091471865,0.046747467877027916,0.025692532685734393,0.024916561978768167,0.037124749855150754,0.014213529396019109,0.060228300945578635,0.05835869130543177,0.05231240187269054,0.01600532586851952,0.025868116904727474,0.019209553616519652,0.061420887354519456,0.03474928191861587,0.03680367649971117,0.08305375366322815,0.0
1,0.05902056462618935,0.04278710291522458,0.04167960554803546,0.040573693688457514,0.05108327305650309,0.04089742175815113,0.10562168863905326,0.05129131966828479,0.026700133768458353,0.027753313428174033,0.037180920917506986,0.021474156946337097,0.06737585157647909,0.05910821195029789,0.06516132216263919,0.013031062974005978,0.02509039016550656,0.02025991567008803,0.05051599980053962,0.0436194455425368,0.031022680675984887,0.07875192452154631,1.0
2,0.060810582807836494,0.04222854231723184,0.04231788336844076,0.04281557596963682,0.0513446643942362,0.06007854385717206,0.11208819319558673,0.04695668523332897,0.02964906009232168,0.028688551772117078,0.03461572145544215,0.014762193975668594,0.05972884824405924,0.06097164151422351,0.05349172557868109,0.012870583289850562,0.026918565349282993,0.016715768700355786,0.05190732711219236,0.03411073650274306,0.035648190582036804,0.08128041468755519,2.0
3,0.060159479878740194,0.042075850914219795,0.04357806541135764,0.04380734400893869,0.05246313560137838,0.060343604220979084,0.11158787611225426,0.0451723426773534,0.029568215366375633,0.029021836853141667,0.03303350904050833,0.014495475525778498,0.0593390520328104,0.06253179934174974,0.054519868936497004,0.01247449186202955,0.026434249845835426,0.016432315122859222,0.052051792111770995,0.03405024461186583,0.03612470179944239,0.0807347487241139,3.0
4,0.05927149096833806,0.04586182531923553,0.03910941151118785,0.03762340950827918,0.04818530853478564,0.05589493140504317,0.1006907211438369,0.05305893436523657,0.026479108047241275,0.026086407782956046,0.03590440039105253,0.014012265543272506,0.06506484527154867,0.061250478567266675,0.054902451461782575,0.014658056665008013,0.024773154628808282,0.017466517956817272,0.06289808541401996,0.03615495203161066,0.03751201772989569,0.08314122575277691,4.0
