,accuracy,auc_macro,auc_micro,best_params,f1_binary,f1_macro,f1_micro,fold_index,r2,threshold
0,0.5624321389793703,0.9056794731281533,0.9056794731281533,"{'bootstrap': False, 'criterion': 'entropy', 'max_features': 6, 'min_samples_leaf': 2}",0.642413487133984,0.5393885617488101,0.5624321389793703,0,-0.8324150596877866,0.2366756576826541
1,0.5852334419109664,0.9053166069295101,0.9053166069295101,"{'bootstrap': False, 'criterion': 'entropy', 'max_features': 6, 'min_samples_leaf': 2}",0.6552346570397113,0.5673993448686295,0.5852334419109664,1,-0.7369294114162146,0.2366756576826541
2,0.5646036916395223,0.8954550391500538,0.8954550391500538,"{'bootstrap': False, 'criterion': 'entropy', 'max_features': 6, 'min_samples_leaf': 2}",0.6441881100266194,0.5416744745937292,0.5646036916395223,2,-0.8233211884238274,0.2366756576826541
3,0.5408052230685527,0.8622256167114675,0.8622256167114675,"{'bootstrap': False, 'criterion': 'entropy', 'max_features': 6, 'min_samples_leaf': 3}",0.6298245614035087,0.5126200170914392,0.5408052230685527,3,-0.9233760179334833,0.23675850887544883
4,0.5375408052230686,0.8789192298917842,0.8789192298917842,"{'bootstrap': False, 'criterion': 'entropy', 'max_features': 6, 'min_samples_leaf': 3}",0.6275197195442593,0.5088818109916419,0.5375408052230686,4,-0.9370493071604986,0.23675850887544883
