,accuracy,auc_macro,auc_micro,best_params,f1_binary,f1_macro,f1_micro,fold_index,r2,threshold
0,0.9011943539630836,0.9973488551201161,0.9973488551201161,"{'bootstrap': False, 'criterion': 'entropy', 'max_features': 4, 'min_samples_leaf': 2}",0.8886168910648714,0.8999182016299967,0.9011943539630836,0,0.5862288574898546,0.22136475922648663
1,0.8990228013029316,0.9969588356685131,0.9969588356685131,"{'bootstrap': False, 'criterion': 'entropy', 'max_features': 4, 'min_samples_leaf': 2}",0.8861689106487148,0.8977186016658208,0.8990228013029317,1,0.5771349862258954,0.23628325625839955
2,0.9011943539630836,0.9972056834226923,0.9972056834226923,"{'bootstrap': False, 'criterion': 'entropy', 'max_features': 4, 'min_samples_leaf': 2}",0.8886168910648714,0.8999182016299967,0.9011943539630836,2,0.5862288574898546,0.2194773352771285
3,0.8955386289445049,0.9973739547893709,0.9973739547893709,"{'bootstrap': True, 'criterion': 'entropy', 'max_features': 4, 'min_samples_leaf': 1}",0.8829268292682927,0.8943121376203939,0.8955386289445049,3,0.5624547447355108,0.24
4,0.8998911860718172,0.9976392870250057,0.9976392870250057,"{'bootstrap': True, 'criterion': 'entropy', 'max_features': 4, 'min_samples_leaf': 1}",0.8872549019607843,0.89861766624458,0.8998911860718172,4,0.580685797038198,0.26
