,accuracy,auc_macro,auc_micro,best_params,f1_binary,f1_macro,f1_micro,fold_index,r2,threshold
0,0.5461454940282302,0.9116210985712451,0.9116210985712451,"{'bootstrap': True, 'criterion': 'entropy', 'min_samples_leaf': 1}",0.6346153846153846,0.5178807582102711,0.5461454940282302,0,-0.900619094167481,0.23678225888564858
1,0.5678610206297503,0.9119099104436348,0.9119099104436348,"{'bootstrap': True, 'criterion': 'entropy', 'min_samples_leaf': 1}",0.6459074733096085,0.5457949622815452,0.5678610206297503,1,-0.8096803815278886,0.23678225888564858
2,0.5515743756786102,0.9055881394591071,0.9055881394591071,"{'bootstrap': True, 'criterion': 'entropy', 'min_samples_leaf': 1}",0.6367634124890063,0.5254739048260635,0.5515743756786102,2,-0.8778844160075829,0.23678225888564858
3,0.5408052230685527,0.8622256167114675,0.8622256167114675,"{'bootstrap': False, 'criterion': 'entropy', 'min_samples_leaf': 3}",0.6298245614035087,0.5126200170914392,0.5408052230685527,3,-0.9233760179334833,0.23675850887544883
4,0.5375408052230686,0.8789192298917842,0.8789192298917842,"{'bootstrap': False, 'criterion': 'entropy', 'min_samples_leaf': 3}",0.6275197195442593,0.5088818109916419,0.5375408052230686,4,-0.9370493071604986,0.23675850887544883
