,accuracy,auc_macro,auc_micro,best_params,f1_binary,f1_macro,f1_micro,fold_index,r2,threshold
0,0.503800217155266,0.8228990787641814,0.8228990787641814,"{'bootstrap': True, 'criterion': 'entropy', 'min_samples_leaf': 1}",0.6083976006855184,0.4656802818242407,0.503800217155266,0,-1.0779495838146862,0.3119956147505249
1,0.5190010857763301,0.8322422662598615,0.8322422662598615,"{'bootstrap': True, 'criterion': 'entropy', 'min_samples_leaf': 1}",0.6177739430543572,0.48458243272776425,0.5190010857763301,1,-1.0142924849669712,0.3119956147505249
2,0.50271444082519,0.8290678041411179,0.8290678041411179,"{'bootstrap': True, 'criterion': 'entropy', 'min_samples_leaf': 1}",0.6092150170648465,0.4628164637563038,0.50271444082519,2,-1.0824965194466656,0.3119956147505249
3,0.4972796517954298,0.7815968537052281,0.7815968537052281,"{'bootstrap': False, 'criterion': 'entropy', 'min_samples_leaf': 3}",0.6091370558375634,0.4524343815773183,0.4972796517954298,3,-1.1056865409603538,0.3119333403460556
4,0.49183895538628947,0.821121437852743,0.821121437852743,"{'bootstrap': False, 'criterion': 'entropy', 'min_samples_leaf': 3}",0.6052409129332207,0.44613190684828974,0.49183895538628947,4,-1.1284753563387127,0.3119333403460556
