,accuracy,auc_macro,auc_micro,best_params,f1_binary,f1_macro,f1_micro,fold_index,r2,threshold
0,0.503800217155266,0.8228990787641814,0.8228990787641814,"{'bootstrap': True, 'criterion': 'entropy', 'max_features': 3, 'min_samples_leaf': 1}",0.6083976006855184,0.4656802818242407,0.503800217155266,0,-1.0779495838146862,0.3119956147505249
1,0.5190010857763301,0.8322422662598615,0.8322422662598615,"{'bootstrap': True, 'criterion': 'entropy', 'max_features': 3, 'min_samples_leaf': 1}",0.6177739430543572,0.48458243272776425,0.5190010857763301,1,-1.0142924849669712,0.3119956147505249
2,0.50271444082519,0.8290678041411179,0.8290678041411179,"{'bootstrap': True, 'criterion': 'entropy', 'max_features': 3, 'min_samples_leaf': 1}",0.6092150170648465,0.4628164637563038,0.50271444082519,2,-1.0824965194466656,0.3119956147505249
3,0.514689880304679,0.8005594294613012,0.8005594294613012,"{'bootstrap': True, 'criterion': 'entropy', 'max_features': 3, 'min_samples_leaf': 1}",0.6168384879725086,0.4775587098616252,0.514689880304679,3,-1.0327623317496055,0.3129064558519466
4,0.5027203482045702,0.8339268178977752,0.8339268178977752,"{'bootstrap': True, 'criterion': 'entropy', 'max_features': 3, 'min_samples_leaf': 1}",0.609735269000854,0.4622889238557494,0.5027203482045702,4,-1.082897725581995,0.3129064558519466
