,accuracy,auc_macro,auc_micro,best_params,f1_binary,f1_macro,f1_micro,fold_index,r2,threshold
0,0.8333333333333334,0.83615221987315,0.83615221987315,"{'bootstrap': True, 'criterion': 'gini', 'max_features': 2, 'min_samples_leaf': 4}",0.896551724137931,0.7339901477832511,0.8333333333333334,0,-0.027484143763213398,0.4287816757726246
1,0.7962962962962963,0.7949260042283297,0.7949260042283297,"{'bootstrap': True, 'criterion': 'entropy', 'max_features': 2, 'min_samples_leaf': 4}",0.8735632183908046,0.6748768472906403,0.7962962962962963,1,-0.2558139534883719,0.49827461343059026
2,0.8301886792452831,0.9004329004329004,0.9004329004329004,"{'bootstrap': True, 'criterion': 'gini', 'max_features': 2, 'min_samples_leaf': 1}",0.8941176470588236,0.7327731092436974,0.8301886792452831,2,-0.032467532467532756,0.3897851948505605
3,0.9056603773584906,0.8603896103896104,0.8603896103896104,"{'bootstrap': True, 'criterion': 'entropy', 'max_features': 2, 'min_samples_leaf': 1}",0.9411764705882352,0.8515406162464986,0.9056603773584906,3,0.42640692640692635,0.5890476652953394
4,0.8867924528301887,0.9502164502164502,0.9502164502164502,"{'bootstrap': False, 'criterion': 'gini', 'max_features': 2, 'min_samples_leaf': 4}",0.9318181818181818,0.7992424242424241,0.8867924528301887,4,0.3116883116883117,0.364963503649635
