,accuracy,auc_macro,auc_micro,best_params,f1_binary,f1_macro,f1_micro,fold_index,r2,threshold
0,0.7777777777777778,0.635306553911205,0.635306553911205,"{'bootstrap': True, 'criterion': 'entropy', 'max_features': 1, 'min_samples_leaf': 5}",0.8636363636363636,0.6318181818181818,0.7777777777777778,0,-0.3699788583509511,0.46188518923648236
1,0.7222222222222222,0.7219873150105708,0.7219873150105708,"{'bootstrap': True, 'criterion': 'entropy', 'max_features': 1, 'min_samples_leaf': 5}",0.8351648351648352,0.4764059469941823,0.7222222222222222,1,-0.7124735729386888,0.49451551711479963
2,0.7735849056603774,0.6461038961038961,0.6461038961038961,"{'bootstrap': True, 'criterion': 'entropy', 'max_features': 1, 'min_samples_leaf': 5}",0.8604651162790699,0.6302325581395349,0.7735849056603775,2,-0.3766233766233771,0.4680025521838973
3,0.7547169811320755,0.7067099567099566,0.7067099567099566,"{'bootstrap': False, 'criterion': 'gini', 'max_features': 1, 'min_samples_leaf': 4}",0.8470588235294119,0.6140056022408964,0.7547169811320754,3,-0.4913419913419914,0.3656156927184968
4,0.7924528301886793,0.7186147186147187,0.7186147186147187,"{'bootstrap': False, 'criterion': 'gini', 'max_features': 1, 'min_samples_leaf': 3}",0.8764044943820225,0.6146728354263054,0.7924528301886793,4,-0.2619047619047621,0.4081632653061222
