,accuracy,auc_macro,auc_micro,best_params,f1_binary,f1_macro,f1_micro,fold_index,r2,threshold
0,0.7777777777777778,0.6828752642706131,0.6828752642706131,"{'bootstrap': False, 'criterion': 'gini', 'max_features': 1, 'min_samples_leaf': 3}",0.8636363636363636,0.6318181818181818,0.7777777777777778,0,-0.3699788583509511,0.4095563139931745
1,0.7037037037037037,0.6976744186046513,0.6976744186046513,"{'bootstrap': False, 'criterion': 'entropy', 'max_features': 1, 'min_samples_leaf': 5}",0.8181818181818183,0.5090909090909091,0.7037037037037037,1,-0.8266384778012681,0.44728434504792275
2,0.7735849056603774,0.6461038961038961,0.6461038961038961,"{'bootstrap': True, 'criterion': 'entropy', 'max_features': 1, 'min_samples_leaf': 5}",0.8604651162790699,0.6302325581395349,0.7735849056603775,2,-0.3766233766233771,0.4680025521838973
3,0.7547169811320755,0.7088744588744589,0.7088744588744589,"{'bootstrap': False, 'criterion': 'gini', 'max_features': 1, 'min_samples_leaf': 3}",0.8470588235294119,0.6140056022408964,0.7547169811320754,3,-0.4913419913419914,0.3656156927184968
4,0.7924528301886793,0.7207792207792207,0.7207792207792207,"{'bootstrap': False, 'criterion': 'entropy', 'max_features': 1, 'min_samples_leaf': 5}",0.8764044943820225,0.6146728354263054,0.7924528301886793,4,-0.2619047619047621,0.4081632653061222
