,accuracy,auc_macro,auc_micro,best_params,f1_binary,f1_macro,f1_micro,fold_index,r2,threshold
0,0.7962962962962963,0.879492600422833,0.879492600422833,{'alpha': 0.00825},0.8735632183908046,0.6748768472906403,0.7962962962962963,0,-0.2558139534883719,0.2512004533808703
1,0.7962962962962963,0.8541226215644819,0.8541226215644819,{'alpha': 0.03},0.8735632183908046,0.6748768472906403,0.7962962962962963,1,-0.2558139534883719,0.3998282311131784
2,0.9056603773584906,0.9632034632034632,0.9632034632034632,{'alpha': 0.0155},0.9411764705882352,0.8515406162464986,0.9056603773584906,2,0.42640692640692623,0.2921735971787014
3,0.8301886792452831,0.8982683982683983,0.8982683982683983,{'alpha': 0.02275},0.8941176470588236,0.7327731092436974,0.8301886792452831,3,-0.032467532467532534,0.30436485455643636
4,0.8679245283018868,0.9480519480519479,0.9480519480519479,{'alpha': 0.0155},0.9176470588235294,0.792156862745098,0.8679245283018869,4,0.1969696969696969,0.3772034611012032
