,accuracy,auc_macro,auc_micro,best_params,f1_binary,f1_macro,f1_micro,fold_index,r2,threshold
0,0.8518518518518519,0.864693446088795,0.864693446088795,"{'bootstrap': True, 'criterion': 'entropy', 'min_samples_leaf': 1}",0.9090909090909092,0.7545454545454546,0.8518518518518519,0,0.08668076109936595,0.46
1,0.9074074074074074,0.8636363636363636,0.8636363636363636,"{'bootstrap': True, 'criterion': 'entropy', 'min_samples_leaf': 2}",0.942528735632184,0.852216748768473,0.9074074074074074,1,0.4291754756871037,0.45170734535231655
2,0.7924528301886793,0.8874458874458874,0.8874458874458874,"{'bootstrap': True, 'criterion': 'entropy', 'min_samples_leaf': 3}",0.8705882352941177,0.673389355742297,0.7924528301886793,2,-0.2619047619047623,0.43152960860582945
3,0.7924528301886793,0.7597402597402597,0.7597402597402597,"{'bootstrap': True, 'criterion': 'entropy', 'min_samples_leaf': 4}",0.8705882352941177,0.673389355742297,0.7924528301886793,3,-0.2619047619047621,0.4878048713279452
4,0.9811320754716981,1.0,1.0,"{'bootstrap': False, 'criterion': 'gini', 'min_samples_leaf': 1}",0.988235294117647,0.9703081232492996,0.9811320754716981,4,0.8852813852813852,0.6441002377541496
