,accuracy,auc_macro,auc_micro,best_params,f1_binary,f1_macro,f1_micro,fold_index,r2,threshold
0,0.9444444444444444,0.9513742071881606,0.9513742071881606,"{'bootstrap': True, 'criterion': 'entropy', 'max_features': 2, 'min_samples_leaf': 5}",0.9655172413793104,0.9113300492610839,0.9444444444444444,0,0.6575052854122623,0.46997393029275736
1,0.9074074074074074,0.9302325581395349,0.9302325581395349,"{'bootstrap': False, 'criterion': 'entropy', 'max_features': 1, 'min_samples_leaf': 5}",0.942528735632184,0.852216748768473,0.9074074074074074,1,0.4291754756871037,0.5151713114373686
2,0.9811320754716981,0.9567099567099567,0.9567099567099567,"{'bootstrap': True, 'criterion': 'gini', 'max_features': 2, 'min_samples_leaf': 5}",0.988235294117647,0.9703081232492996,0.9811320754716981,2,0.8852813852813852,0.4082333153187531
3,0.9056603773584906,0.9502164502164502,0.9502164502164502,"{'bootstrap': False, 'criterion': 'gini', 'max_features': 1, 'min_samples_leaf': 3}",0.9411764705882352,0.8515406162464986,0.9056603773584906,3,0.42640692640692635,0.5246283722432831
4,0.9811320754716981,1.0,1.0,"{'bootstrap': False, 'criterion': 'entropy', 'max_features': 1, 'min_samples_leaf': 5}",0.988235294117647,0.9703081232492996,0.9811320754716981,4,0.8852813852813852,0.30484278436212997
