,percentile,signup_duration,words,code_lines,urls,images,readability,reputation,session_length,answer_position_in_session,number_of_ans_wrote_by_user_before_this,time_since_previous_answer,fold_index
0,0.21018170461794614,-0.06685756989620309,0.06355488892531513,0.06552024072220473,0.054551831052751555,-0.02419173294120735,-0.017296435539304825,-0.021048766617106793,0.029575607907155223,-0.012661899721513398,0.08101220274075943,0.000688490328053283,0.0
1,0.21012654529234243,-0.06840569877634745,0.06438080436104723,0.07140309165157856,0.053203989138594796,-0.024258443427759686,-0.015899671075324657,-0.024548743503820095,0.028344904677469175,-0.018223033927032072,0.07648702227295061,-0.02223424987690664,1.0
2,0.21078868486438837,-0.06856764301926922,0.06207627876554586,0.066102783391181,0.05147828690614818,-0.015501645082473273,-0.014413612605699434,-0.022843095295450803,0.02756008993171143,-0.013198872490698925,0.07927645785693442,-0.011120397527257598,2.0
3,0.2128591267998792,-0.06559031063597932,0.06355077400343623,0.06997729435909858,0.04973975796558729,-0.01572451001602455,-0.013420155270308765,-0.019744767450219886,0.028071543758793394,-0.014978600515231501,0.07970639286763065,-0.013800994604741256,3.0
4,0.20180445386673085,-0.07326442413653425,0.06411231711594802,0.07801815730146487,0.05887680994438628,-0.01663263024829016,-0.017197410126327712,-0.024272810634792277,0.03348931479914931,-0.013845599185787302,0.08224140362649246,-0.0008376742069568267,4.0
