,accuracy,auc_macro,auc_micro,best_params,f1_binary,f1_macro,f1_micro,fold_index,r2,threshold
0,0.8098623115675823,0.8693145218531442,0.8693145218531442,"{'bootstrap': True, 'criterion': 'gini', 'max_features': 5, 'min_samples_leaf': 5}",0.7148525124398105,0.7861172401290097,0.8098623115675821,0,0.15317393624711995,0.5197805044379833
1,0.8124728982435626,0.8717126036424917,0.8717126036424917,"{'bootstrap': True, 'criterion': 'entropy', 'max_features': 5, 'min_samples_leaf': 5}",0.7187648421344907,0.789052819009014,0.8124728982435626,1,0.16479702555408093,0.5193625942479462
2,0.808994128967819,0.869330211092326,0.869330211092326,"{'bootstrap': True, 'criterion': 'gini', 'max_features': 5, 'min_samples_leaf': 5}",0.7135477176907283,0.7851395895869049,0.808994128967819,2,0.14930337999939292,0.5207745415735752
3,0.8091305512923579,0.8696416782917981,0.8696416782917981,"{'bootstrap': True, 'criterion': 'gini', 'max_features': 5, 'min_samples_leaf': 5}",0.7137523108061699,0.7852930495642424,0.8091305512923579,3,0.14991097394271402,0.5205514692419804
4,0.809821480774103,0.8703660912274793,0.8703660912274793,"{'bootstrap': True, 'criterion': 'gini', 'max_features': 5, 'min_samples_leaf': 5}",0.7147898901773384,0.7860707895653549,0.809821480774103,4,0.1529902134575295,0.5198357577442625
