,accuracy,auc_macro,auc_micro,best_params,f1_binary,f1_macro,f1_micro,fold_index,r2,threshold
0,0.8366984009432583,0.8988266148075341,0.8988266148075341,"{'bootstrap': True, 'criterion': 'gini', 'max_features': 1, 'min_samples_leaf': 5}",0.7550983128621428,0.8163047158847923,0.8366984009432582,0,0.272695216430358,0.516829247482989
1,0.8369022387877902,0.8973241679923112,0.8973241679923112,"{'bootstrap': True, 'criterion': 'gini', 'max_features': 1, 'min_samples_leaf': 5}",0.755401623592509,0.8165331163794005,0.8369022387877902,1,0.27359974097593753,0.5162343123397359
2,0.8350118151477502,0.8969314823123327,0.8969314823123327,"{'bootstrap': True, 'criterion': 'gini', 'max_features': 1, 'min_samples_leaf': 5}",0.7525665475642459,0.8144065995505791,0.8350118151477501,2,0.26518022490420234,0.5187709070694215
3,0.8406928305196228,0.9021221495484971,0.9021221495484971,"{'bootstrap': True, 'criterion': 'entropy', 'max_features': 1, 'min_samples_leaf': 5}",0.7610863894429953,0.8207971114639958,0.8406928305196228,3,0.290482172686788,0.5172010505387998
4,0.839386291438483,0.8991612099985102,0.8991612099985102,"{'bootstrap': True, 'criterion': 'gini', 'max_features': 1, 'min_samples_leaf': 5}",0.7591281410523393,0.8193278399821158,0.839386291438483,4,0.28466483197877335,0.514968214054755
