,percentile,signup_duration,words,code_lines,urls,images,readability,reputation,session_length,answer_position_in_session,number_of_ans_wrote_by_user_before_this,time_since_previous_answer,fold_index
0,0.14733330607362788,0.1437404309515898,0.11377379213862834,0.06612025345055711,0.022080725463391307,0.00020812322464950063,0.10062919718187516,0.1295756786191234,0.022663533652633502,0.011806639984528773,0.12616084469659877,0.11590747456279646,0.0
1,0.14914698432602266,0.14240751541272229,0.11434827869749563,0.0664132381937193,0.021532753098737575,0.00020437533052723673,0.10035158336504217,0.13044714342603084,0.022496575309663834,0.011898383426977051,0.12421463968462429,0.11653852972843705,1.0
2,0.15219544367762347,0.14228392890523958,0.11330505542949383,0.06843575318884842,0.02131009522375257,0.00020669317680428598,0.10033087413584857,0.1282654637191761,0.023096114443216114,0.012042528240466572,0.12317241153944862,0.11535563832008176,2.0
3,0.14522265696133835,0.1412388506421873,0.11540117582765942,0.061114820069599445,0.02045582822338761,0.0001931439699935156,0.10406052879514924,0.13151063893504406,0.02301861513344584,0.011772881869692999,0.12526624437706846,0.12074461519543372,3.0
4,0.14801310507656612,0.14392336553975305,0.11421494920054517,0.06680963888166137,0.02212378154353919,0.00021751410962959344,0.10007088201201347,0.13038189801485278,0.022936132733719024,0.011898791831960232,0.12411504801042376,0.11529489304533616,4.0
