,percentile,signup_duration,words,code_lines,urls,images,readability,reputation,session_length,answer_position_in_session,number_of_ans_wrote_by_user_before_this,time_since_previous_answer,fold_index
0,0.11347950654881318,0.11552208032085247,0.12138567541183029,0.053389842944700595,0.017630595358959257,6.351217688623173e-05,0.11949977484195701,0.1475247599059157,0.025734484261227125,0.009871221158973242,0.12832340927187552,0.14757513779800938,0.0
1,0.11160025353578139,0.11704860033775896,0.12154112439417115,0.05296248500775795,0.017522458742606207,5.9601044404508574e-05,0.1197227554812593,0.14785473366052382,0.025758774239706326,0.009902121865067722,0.1282149644029673,0.1478121272879954,1.0
2,0.10835311221535689,0.11077102933790296,0.12161694889091772,0.04931331727713127,0.01561806869391827,5.947500152904521e-05,0.12388928797061778,0.1491146337633447,0.02680681738091669,0.010535218927673451,0.13091904151646216,0.15300304902422907,2.0
3,0.11004483986958885,0.10970342372043718,0.12159101753940799,0.04934171930499844,0.015725126212142296,5.9002530391358e-05,0.12352431303041675,0.14867025495168873,0.02699773129639899,0.010571069234448767,0.13079165657481912,0.15297984573526147,3.0
4,0.112325195293176,0.11685533730911862,0.12129367377397383,0.053109564073472074,0.017540724110182995,5.748690481392889e-05,0.11965481106328214,0.14788660674718013,0.02574464482874414,0.009948520591828566,0.1280825488738519,0.14750088643037573,4.0
