,accuracy,auc_macro,auc_micro,best_params,f1_binary,f1_macro,f1_micro,fold_index,r2,threshold
0,0.8845239371291036,0.9353317769081366,0.9353317769081366,"{'bootstrap': True, 'criterion': 'gini', 'max_features': 10, 'min_samples_leaf': 5}",0.8268217654666481,0.8701028752927009,0.8845239371291036,0,0.48569828220353595,0.49619043766722326
1,0.8837925406221833,0.9353778662337886,0.9353778662337886,"{'bootstrap': True, 'criterion': 'gini', 'max_features': 10, 'min_samples_leaf': 5}",0.8257232001286015,0.8692795028757306,0.8837925406221833,1,0.48243845920887485,0.49470870087737107
2,0.8920071134497796,0.9404424157481072,0.9404424157481072,"{'bootstrap': True, 'criterion': 'entropy', 'max_features': 10, 'min_samples_leaf': 5}",0.8380426284369817,0.8785199857968458,0.8920071134497796,2,0.519024294510281,0.4937322068251774
3,0.891627079831421,0.940127515405923,0.940127515405923,"{'bootstrap': True, 'criterion': 'entropy', 'max_features': 10, 'min_samples_leaf': 5}",0.837472690472537,0.878092490145691,0.891627079831421,3,0.5173317113824579,0.4942728562315821
4,0.8854193058018749,0.9364657583033429,0.9364657583033429,"{'bootstrap': True, 'criterion': 'gini', 'max_features': 10, 'min_samples_leaf': 5}",0.8281637037199413,0.8711097470911398,0.8854193058018749,4,0.48968490379629337,0.4946867650007418
