,percentile,signup_duration,words,code_lines,urls,images,readability,reputation,session_length,answer_position_in_session,number_of_ans_wrote_by_user_before_this,time_since_previous_answer,fold_index
0,0.13232136794048685,0.130151323301893,0.11569475900349147,0.053744897547952614,0.018359977930067127,7.19604403896653e-05,0.11100124980806689,0.14382195945225693,0.026094965305553424,0.01238271950445346,0.12384366684267943,0.1325111529227093,0.0
1,0.13119353198207656,0.13095092514612414,0.11560371710393264,0.053934472902401255,0.018463593536658544,5.559207351823954e-05,0.11112868481616875,0.14381806265119634,0.026111462644197357,0.01227363782547347,0.12372547748347103,0.13274084183478174,1.0
2,0.12887315754458167,0.12763945999965542,0.11610922956033151,0.049502798265416405,0.01665173787995254,7.291667535775422e-05,0.11510435539171031,0.14343459661855668,0.027324540209301976,0.013023961791553518,0.125402263289365,0.13686098277421713,2.0
3,0.1281550238654505,0.12813449727247997,0.11633743389922678,0.04961304799116931,0.01692046014109875,6.009914543610103e-05,0.11480444968115394,0.14296142699604159,0.02731608750158779,0.013176319142345506,0.12535907651029135,0.13716207785371823,3.0
4,0.13161261575357763,0.13165272086142427,0.11583896402467803,0.05410076926907245,0.018524111903520123,5.7160510156623815e-05,0.11066769203293683,0.1435773945870904,0.026097874180273112,0.012347981171112212,0.1232952898387821,0.13222742586737618,4.0
