,percentile,signup_duration,words,code_lines,urls,images,readability,reputation,session_length,answer_position_in_session,number_of_ans_wrote_by_user_before_this,time_since_previous_answer,fold_index
0,0.13232136794048685,0.130151323301893,0.11569475900349147,0.053744897547952614,0.018359977930067127,7.19604403896653e-05,0.11100124980806689,0.14382195945225693,0.026094965305553424,0.01238271950445346,0.12384366684267943,0.1325111529227093,0.0
1,0.12859868114755948,0.1275677273548593,0.11671294351037993,0.04942098044712942,0.016591665044090965,6.66746091401715e-05,0.11522078103723002,0.14276496680743203,0.02753678385477427,0.013004101756243756,0.1254281983348144,0.13708649609634618,1.0
2,0.1314103691955487,0.13076341155015678,0.11559360202329691,0.053870362572563,0.018765379293193774,6.371210810072171e-05,0.11122531041947196,0.14356660145508138,0.0261000486096435,0.012338397387317712,0.1234982445095448,0.13280456087608075,2.0
3,0.132531688030182,0.1292963318441009,0.11542012731483225,0.05428052891269913,0.018623355701340428,6.401801946502709e-05,0.11102164150371394,0.14361875110178743,0.026274945571826948,0.012456342421381422,0.12425523810107966,0.13215703147759073,3.0
4,0.13161261575357763,0.13165272086142427,0.11583896402467803,0.05410076926907245,0.018524111903520123,5.7160510156623815e-05,0.11066769203293683,0.1435773945870904,0.026097874180273112,0.012347981171112212,0.1232952898387821,0.13222742586737618,4.0
