,percentile,signup_duration,words,code_lines,urls,images,readability,reputation,session_length,answer_position_in_session,number_of_ans_wrote_by_user_before_this,time_since_previous_answer,fold_index
0,0.10930403958817189,0.11053731908135767,0.12173519616369666,0.04923659074675391,0.015620201102905993,6.999054784195763e-05,0.12359702440735236,0.14890759905085202,0.026804972577085473,0.010532208057038037,0.13111854813626164,0.15253631054068237,0.0
1,0.11160025353578139,0.11704860033775896,0.12154112439417115,0.05296248500775795,0.017522458742606207,5.9601044404508574e-05,0.1197227554812593,0.14785473366052382,0.025758774239706326,0.009902121865067722,0.1282149644029673,0.1478121272879954,1.0
2,0.11220651802175086,0.11643054584682304,0.12094992565795139,0.05342958645898357,0.017521345854369662,6.490470494295088e-05,0.11975489687377604,0.1476001412197979,0.025662148622489646,0.010109898100249048,0.12850043940565598,0.14776964923320995,2.0
3,0.1152143703893139,0.11444500316591283,0.12084790257781615,0.05321857752452286,0.017632319299494884,6.0308169030099914e-05,0.1194226212151346,0.14805036911187947,0.02568338510617637,0.009903163916414567,0.1282274698938247,0.1472945096304796,3.0
4,0.112325195293176,0.11685533730911862,0.12129367377397383,0.053109564073472074,0.017540724110182995,5.748690481392889e-05,0.11965481106328214,0.14788660674718013,0.02574464482874414,0.009948520591828566,0.1280825488738519,0.14750088643037573,4.0
