,percentile,signup_duration,words,code_lines,urls,images,readability,reputation,session_length,answer_position_in_session,number_of_ans_wrote_by_user_before_this,time_since_previous_answer,fold_index
0,0.21018170461794614,-0.06685756989620309,0.06355488892531513,0.06552024072220473,0.054551831052751555,-0.02419173294120735,-0.017296435539304825,-0.021048766617106793,0.029575607907155223,-0.012661899721513398,0.08101220274075943,0.000688490328053283,0.0
1,0.2107967780916227,-0.06796974799193749,0.060754767349717964,0.0675769727031195,0.052622500669835336,-0.014521953300610855,-0.015575037250279583,-0.02200152174246886,0.0276291497822394,-0.015540217444222865,0.07836684310166565,-0.015825753534342235,1.0
2,0.21078868486438837,-0.06856764301926922,0.06207627876554586,0.066102783391181,0.05147828690614818,-0.015501645082473273,-0.014413612605699434,-0.022843095295450803,0.02756008993171143,-0.013198872490698925,0.07927645785693442,-0.011120397527257598,2.0
3,0.21871709585243687,-0.039863274085494026,0.05212167722923884,0.04886940578502505,-0.016503227774049604,0.07848605897339492,-0.027448912859657365,-0.05529449235174171,0.04081161085808591,0.002931432599538559,0.08551417350857501,-0.010401691711288194,3.0
4,0.20751766392300994,-0.06517741654308334,0.05745556671661568,0.054050994585426004,0.04914179708935365,-0.01842213929302167,-0.025342978805175748,-0.016717956227067753,0.03512012293354701,-0.017848257692726025,0.0754383962309398,-0.04692831382690148,4.0
