,percentile,signup_duration,words,code_lines,urls,images,readability,reputation,session_length,answer_position_in_session,number_of_ans_wrote_by_user_before_this,time_since_previous_answer,fold_index
0,0.14336383377389433,0.14185633143032628,0.11509509956086333,0.06137637099371311,0.01944952837782824,0.00020809933209448857,0.10415361144917563,0.1327305252292838,0.02379085964518017,0.012189124325356682,0.12573946469036548,0.12004715119191844,0.0
1,0.14702240264220104,0.14138197656656953,0.115543453241627,0.06195789127210436,0.020880124893286323,0.0002133755923770669,0.10378613161302962,0.1293642338374413,0.022977883641511418,0.012033079138433014,0.12472117357235363,0.12011827398906569,1.0
2,0.1468076629115148,0.1394980333246974,0.11528032453323277,0.0610432573265047,0.019945154316930655,0.00019017874637660965,0.10450298981959426,0.13132780480718345,0.023312756681195493,0.012092506342806888,0.1255617026734682,0.12043762851649488,2.0
3,0.14995755931603194,0.1448366862254965,0.11313452555441059,0.06761146696136505,0.02207117298104563,0.00020684682149662653,0.09996166337257124,0.1271341608388941,0.023312425893315468,0.01202386387603316,0.12429907655277123,0.1154505516065684,3.0
4,0.14801310507656612,0.14392336553975305,0.11421494920054517,0.06680963888166137,0.02212378154353919,0.00021751410962959344,0.10007088201201347,0.13038189801485278,0.022936132733719024,0.011898791831960232,0.12411504801042376,0.11529489304533616,4.0
