,percentile,signup_duration,words,code_lines,urls,images,readability,reputation,session_length,answer_position_in_session,number_of_ans_wrote_by_user_before_this,time_since_previous_answer,fold_index
0,0.540377424881726,-0.18430579210798823,0.14070345675696314,0.1453033149946221,0.11858904299341294,0.005303015427512849,-0.03451613061721077,-0.036075271060878746,0.05983201240843023,-0.03132078877789445,0.14919710897748226,-0.030391098741884396,0.0
1,0.5403312750088639,-0.18437414587239084,0.14072359196911216,0.1452993112734119,0.1186347400919953,0.0054376304891597905,-0.03462036328762799,-0.03607918743235604,0.05982965815717569,-0.031306090314202735,0.1491036745542129,-0.030444445804352734,1.0
2,0.5404575759750442,-0.18423915475027902,0.1406697906658689,0.14538428509966458,0.11863901794954324,0.00545488977423712,-0.034661679747739864,-0.03601662692458736,0.05988339769908517,-0.03122799258152191,0.14917150108923535,-0.030343763294646782,2.0
3,0.540427689052243,-0.18425800139981566,0.14060123187305834,0.145374798997885,0.1185619053217481,0.00540978369904839,-0.034648460361977364,-0.03590360217836908,0.05996790029987698,-0.03115218920556546,0.14928760655099146,-0.030446584371949893,3.0
4,0.5402012031020738,-0.18451547853932554,0.14063965894435665,0.14541689554438503,0.11857030495348292,0.005346297776596516,-0.03462294208682559,-0.036124269554136064,0.05998642048533676,-0.031147852503547825,0.14900209049731464,-0.03052012960248071,4.0
