,percentile,signup_duration,words,code_lines,urls,images,readability,reputation,session_length,answer_position_in_session,number_of_ans_wrote_by_user_before_this,time_since_previous_answer,fold_index
0,0.5084750847341728,-0.1530425535655679,0.13740250488025696,0.13974755473389808,0.11538117390071399,0.0006186488223141426,-0.03041999250016186,0.0,0.04381739621363878,-0.011672054837247087,0.11129025030172013,-0.02697945324266491,0.0
1,0.508415387649042,-0.1531140555228452,0.13742095847315297,0.13974237036841367,0.1154257196729713,0.000759274248783959,-0.030523271922090024,0.0,0.04381210045485315,-0.011658004201712872,0.11119894033907253,-0.027029625999082534,1.0
2,0.5085460067692494,-0.15297441740806464,0.13737010744605088,0.13982888351725128,0.11543148433189672,0.000781276876047701,-0.030566046713727337,0.0,0.043866188119284756,-0.011581454385383843,0.11128509916440862,-0.026931949683397308,2.0
3,0.508468043865218,-0.15300646925671627,0.1373018085026632,0.13981681424293507,0.11536902711491726,0.0,-0.030552206299037217,0.0,0.0439384729443771,-0.011513215288045393,0.11134556035782582,-0.027027989631618003,3.0
4,0.5083020484149757,-0.15322538982970824,0.1373432282507125,0.13986171872841113,0.1153634636209518,0.0006849382840059817,-0.03052700161709038,0.0,0.043978656487651493,-0.01149119469884969,0.11119295328965464,-0.02711231611065265,4.0
