,day,hour,inv_exposure_rate,meme_age,meme_pop_current,meme_pop_recent,n_exposures,neighb_activity,neighb_indegree,neighb_info_received,neighb_outdegree,node_activity,node_indegree,node_info_received,node_outdegree,order,time_between_last_and_first_exposures,time_between_last_and_second_last_exposures,time_since_nodes_last_tweet,fold_index
0,-236.9231519941873,-394.4633164173904,94.55581338622108,0.0,179.76279407732142,-16.71968291001818,-292.71854237153326,-185.10220931142544,-481.0881225307573,-470.58326660767034,666.1413629376219,-12.325878390181755,-437.53548095103247,-531.1697014417479,-249.0811425773506,0.0,-344.29557427275586,-9.773326662347493,-1.399666797518972,0.0
1,-982.697764234948,528.3484557509353,267.52538299034086,-1288.315311929714,508.8163128244728,-499.1063544255009,-753.185269911891,-553.6679164771233,-882.0241320968228,-1205.274916679903,148.62319665205737,-397.5969139689578,-1008.2980430887189,-1420.533739142837,-829.7842392436527,3965.703367770561,-1338.6498903754489,145.8793247417472,-4447.447340445678,1.0
2,0.0,0.0,0.1779614280975231,0.0,0.0,0.028421923965787712,-0.2638211382750271,0.0,0.0,-1.061303731670322,0.23299457509994156,0.0,-0.30447793211423474,-0.7658883113887968,0.0,0.13619080508187828,-0.4108183944795626,0.0,-0.09916450775658472,2.0
3,0.05712749329881238,0.0,36.02786527647554,10.94248989835453,15.406275005966746,-1.733372795700912,0.0,-11.09289252253533,3.099963816660279,-71.82691090370535,26.34102743424421,19.381612723529457,-84.06778625726008,-224.40439883797703,-231.19509119094724,7.607140682175273,-26.915054377917468,-23.91388068575713,-12.41373373426207,3.0
4,0.8889191520330787,0.0,11.137631710970114,99.16039232158771,32.27326056755403,-3.8984857236247747,-60.4612032773923,8.64837624950129,-5.300653826411985,-198.68168155557368,79.30329032035608,13.685060874454773,-180.4994209123636,-137.34004808005102,-102.45879411014582,-1.047967080426554,-136.2898908198558,-4.866202569650391,-25.661569893303152,4.0
