,accuracy,auc_macro,auc_micro,best_params,f1_binary,f1_macro,f1_micro,fold_index,r2,threshold
0,0.9997350002649997,0.9770620277859939,0.9770620277859939,"{'bootstrap': True, 'criterion': 'gini', 'max_features': 1, 'min_samples_leaf': 5}",0.8121899362154501,0.9060286714016956,0.9997350002649997,0,0.6211633860640018,0.5096589669614908
1,0.999734,0.9740326363664681,0.9740326363664681,"{'bootstrap': False, 'criterion': 'gini', 'max_features': 1, 'min_samples_leaf': 5}",0.8113475177304964,0.9056072119496728,0.999734,1,0.6191901801734228,0.5975400737751708
2,0.999756,0.9726867979143744,0.9726867979143744,"{'bootstrap': True, 'criterion': 'entropy', 'max_features': 1, 'min_samples_leaf': 5}",0.826950354609929,0.9134141342696246,0.999756,2,0.6506857291816358,0.4766562022262374
3,0.999698,0.9761974993911301,0.9761974993911301,"{'bootstrap': False, 'criterion': 'entropy', 'max_features': 1, 'min_samples_leaf': 5}",0.7858156028368795,0.8928322481533879,0.999698,3,0.5676520090690741,0.573719143799725
4,0.9997339997339997,0.9694377115482985,0.9694377115482985,"{'bootstrap': False, 'criterion': 'entropy', 'max_features': 1, 'min_samples_leaf': 5}",0.8113475177304964,0.9056072118830787,0.9997339997339997,4,0.6191901799070498,0.5721008428794907
