,day,hour,inv_exposure_rate,meme_age,meme_pop_current,meme_pop_recent,n_exposures,neighb_activity,neighb_indegree,neighb_info_received,neighb_outdegree,node_activity,node_indegree,node_info_received,node_outdegree,order,time_between_last_and_first_exposures,time_between_last_and_second_last_exposures,time_since_nodes_last_tweet,fold_index
0,3.81414041113356e-05,4.869697617623654e-05,0.0008909418852653993,0.00032812486579470015,0.001564255619976681,-7.894862968334021e-05,-0.002558251082198646,-0.0008619117715230876,-0.0014054828433883427,-0.0062590488588600965,0.002527206671292502,0.00012269261988915683,-0.0034804846093491244,-0.0026205549109599648,-0.023867045214961972,0.0006475477020605233,-0.0034400336315867077,-0.0001633112713820745,-0.0011142981393136016,0.0
1,6.243529029878997e-06,5.363405810120639e-05,0.000845464513907156,0.00033608860435114054,0.0015666230745769838,-4.997658560128115e-05,-0.0026436686091511085,-0.0006670210420975126,-0.0014105390881173126,-0.006292433817462878,0.002511912279030769,0.00010171654408745936,-0.0034029860818444394,-0.002612006407171802,-0.023880332725157844,0.0006316183953249661,-0.0034331621547298596,-0.00012173180825753221,-0.001138310897711893,1.0
2,4.419269986702234e-06,4.6391315894741534e-05,0.0008680637621956244,0.0003468302891224535,0.0015529398529127534,-5.69575892295189e-05,-0.0026266035955846206,-0.0007281133490546219,-0.0014105302340865285,-0.006285110929867932,0.002516869543461955,0.00010909844874572496,-0.0034285148598274234,-0.002594431221884203,-0.023939569959483025,0.0006309195908526758,-0.0034422509818758406,-7.548033581707757e-05,-0.0011362616626842074,2.0
3,2.947807602738459e-06,5.315601241127908e-05,0.000846879983197995,0.0003327034393982477,0.0015722111830866056,-7.735865781567133e-05,-0.0026131599468110093,-0.0007440744286413162,-0.0013959098725981405,-0.006297310636259659,0.002498769127037266,0.00011386240952117648,-0.0033900919700723276,-0.0026198999418548374,-0.02399098695572194,0.0006324460942857837,-0.003439803305669782,-0.00010130326555744221,-0.0011347763006282344,3.0
4,-4.282508289276384e-06,3.858806945683378e-05,0.0008412622212504267,0.0003287878629400951,0.0015881737209337068,-7.112086727131146e-05,-0.002631398966518834,-0.0006803788537088607,-0.0013499111631594043,-0.006258405371485883,0.002403387156434307,0.00010059009903340468,-0.0034028178351208135,-0.00261095709815913,-0.023902182579083536,0.0006270185071669826,-0.0034381321741017317,-0.00011098987734182247,-0.0011356529722523895,4.0
