,accuracy,auc_macro,auc_micro,best_params,f1_binary,f1_macro,f1_micro,fold_index,r2,threshold
0,0.5817174182825817,0.726582489731751,0.726582489731751,{'alpha': 0.00825},0.002746551909115834,0.3690527226341355,0.5817174182825817,0,-596.965718441476,1.0
1,0.596126,0.7300619026834234,0.7300619026834234,{'alpha': 0.001},0.0029181150260704693,0.3748483426540809,0.596126,1,-577.192425461049,1.0
2,0.998598,0.9048860002927454,0.9048860002927454,{'alpha': 0.001},0.005673758865248227,0.502486132155794,0.998598,2,-1.0071254413415844,0.9920734467728497
3,0.998618,0.8728634870853411,0.8728634870853411,{'alpha': 0.02275},0.019858156028368795,0.509583334264841,0.998618,3,-0.9784931240613892,0.8970031130556895
4,0.9207209207209207,0.8848203033969271,0.8848203033969271,{'alpha': 0.001},0.009421113790561394,0.4840646076201637,0.9207209207209207,4,-112.49707416221426,1.0
