,day,hour,inv_exposure_rate,meme_age,meme_pop_current,meme_pop_recent,n_exposures,neighb_activity,neighb_indegree,neighb_info_received,neighb_outdegree,node_activity,node_indegree,node_info_received,node_outdegree,order,time_between_last_and_first_exposures,time_between_last_and_second_last_exposures,time_since_nodes_last_tweet,fold_index
0,0.0174653625530816,0.023927199142731944,0.049135543414524176,0.038397733033898505,0.03818915531346994,0.03480803215871869,0.0939049368426763,0.03117078461324536,0.04888758113386973,0.10207537566080388,0.06954878161817542,0.021655955792378744,0.06261366964930631,0.09072566289644829,0.10627550564043962,0.055402027462116046,0.04981517592187612,0.04669285425086265,0.0193086629013766,0.0
1,0.016541463935381057,0.023325901121329796,0.053374538753109185,0.04218550335354324,0.03743075714411155,0.03389973855659773,0.10096932947888446,0.03058570288080926,0.050070821489397226,0.09150958510459031,0.06854389087381421,0.021827045112568052,0.06236307371317035,0.09092323720677326,0.10629761113709506,0.05037159513306611,0.05037114745485478,0.050323003627890175,0.0190860539230142,1.0
2,0.01916005398313769,0.02725266550851002,0.05066245711134365,0.043214535851099536,0.04100748502833964,0.03834517651492044,0.09629684373487135,0.03151671249318837,0.049151162116286035,0.09418793174519388,0.06459694484791705,0.024969308655867804,0.0666179825332881,0.09550820555814932,0.09188855990596861,0.05072188610805419,0.044525127146243466,0.048788882967462366,0.021588078190158483,2.0
3,0.01846965744771185,0.027426813461449658,0.04920169365265742,0.04220239201797419,0.040490692013769154,0.039419244348468024,0.09848795740982254,0.03388563314747406,0.051335292735427966,0.09218093775690622,0.0669342562541645,0.024863989696629125,0.07152992247822229,0.08227771640456583,0.09297279149868373,0.05380106390061597,0.04700209440938402,0.04570802634196834,0.021809825024105084,3.0
4,0.01844238696954521,0.02695012250187718,0.04940922434629782,0.0428655665712894,0.04167647342650614,0.03875024872991447,0.09546589396799554,0.032705500289193494,0.0506015800593101,0.08715631918979964,0.0695110586130235,0.025544179395273016,0.0687497607494495,0.08763213195769798,0.09669780241489159,0.05224923323788992,0.044972054562451555,0.04911207384373529,0.021508389173858625,4.0
