,num_features,accuracy,auc_macro,auc_micro,f1_binary,f1_macro,f1_micro,r2,threshold,lambda_,split_version
0,1,0.8780487804878049,0.8985507246376812,0.8985507246376812,0.8648648648648649,0.8768768768768769,0.8780487804878049,0.5048309178743962,0.5,1e-05,0.0
1,2,0.9512195121951219,0.9504830917874396,0.9504830917874396,0.9444444444444444,0.9504830917874396,0.9512195121951219,0.8019323671497585,1.0,1e-05,1.0
2,1,0.8,0.821969696969697,0.821969696969697,0.7894736842105262,0.7994987468671679,0.8000000000000002,0.19191919191919204,0.5,1e-05,2.0
3,1,0.9230769230769231,0.9385026737967915,0.9385026737967915,0.9090909090909091,0.9212121212121211,0.9230769230769231,0.6871657754010694,0.5,1e-05,3.0
4,2,0.4358974358974359,1.0,1.0,0.6071428571428571,0.30357142857142855,0.4358974358974359,-1.2941176470588238,0.0,1e-05,4.0
