,num_features,accuracy,auc_macro,auc_micro,f1_binary,f1_macro,f1_micro,r2,threshold,lambda_,split_version
0,2,0.9562043795620438,0.9904026217228464,0.9904026217228464,0.9387755102040817,0.9523423005565863,0.9562043795620438,0.8075842696629214,0.75,0.001,0.0
1,1,0.9197080291970803,0.9746020599250937,0.9746020599250937,0.8952380952380952,0.9150746689208227,0.9197080291970803,0.6472378277153559,0.488889,0.0003,1.0
2,2,0.9854014598540146,0.9912219101123595,0.9912219101123595,0.9791666666666666,0.9839653558052435,0.9854014598540146,0.9358614232209738,0.75,0.001,2.0
3,2,0.9635036496350365,0.9940308988764045,0.9940308988764045,0.9484536082474228,0.9601025103384007,0.9635036496350365,0.8396535580524345,0.75,0.003,3.0
4,1,0.9111111111111111,0.9730415860735009,0.9730415860735009,0.8823529411764706,0.9054621848739495,0.9111111111111111,0.6083172147001934,0.488889,0.0003,4.0
