,num_features,accuracy,auc_macro,auc_micro,f1_binary,f1_macro,f1_micro,r2,threshold,lambda_,split_version
0,4,0.7850358273621063,0.7479217640946839,0.7479217640946839,0.5175766641735229,0.6896416768552006,0.7850358273621063,-0.24743946898228497,0.280788,0.003,0.0
1,4,0.7938333333333333,0.7653228772900681,0.7653228772900681,0.5255082470272343,0.6969072162422449,0.7938333333333333,-0.1968900210947433,0.280788,0.003,1.0
2,4,0.7933333333333333,0.758220475140504,0.758220475140504,0.541080680977054,0.7038593338204263,0.7933333333333333,-0.1997927454789663,0.280788,0.003,2.0
3,4,0.7996666666666666,0.7665117041878733,0.7665117041878733,0.5551443375277572,0.712934612300123,0.7996666666666666,-0.1630249032788047,0.280788,0.003,3.0
4,4,0.8018003000500084,0.7660075157942005,0.7660075157942005,0.5487666034155598,0.7108886952782167,0.8018003000500085,-0.15050089164971947,0.280788,0.003,4.0
