,num_features,accuracy,auc_macro,auc_micro,f1_binary,f1_macro,f1_micro,r2,threshold,lambda_,split_version
0,3,0.995320023399883,0.9058721750777297,0.9058721750777297,0.13653136531365315,0.5670925092226873,0.995320023399883,-0.8399860586368779,0.0684411,0.001,0.0
1,2,0.994160029199854,0.8965921800393767,0.8965921800393767,0.11111111111111112,0.5540907509966022,0.994160029199854,-1.2960509791537111,0.0554822,0.001,1.0
2,3,0.995345,0.9051821016140178,0.9051821016140178,0.14035087719298248,0.5690085291892713,0.995345,-0.8301570966749527,0.0684411,0.001,2.0
3,2,0.9939499697498487,0.8962719620690915,0.8962719620690915,0.08333333333333334,0.5401491512783081,0.9939499697498487,-1.3832756830507171,0.0554822,0.001,3.0
4,3,0.9951399756998786,0.8982090086104635,0.8982090086104635,0.1258992805755396,0.5617312470626379,0.9951399756998786,-0.914499143739915,0.0684411,0.001,4.0
