,num_features,accuracy,auc_macro,auc_micro,f1_binary,f1_macro,f1_micro,r2,threshold,lambda_,split_version
0,3,0.8603852967227635,0.9330533084829982,0.9330533084829982,0.7569142844183384,0.8294920849458401,0.8603852967227635,0.3176215985892944,0.436123,2.9999999999999997e-05,0.0
1,3,0.8601443234512582,0.9331674924161592,0.9331674924161592,0.7562874523333938,0.829110955452098,0.8601443234512582,0.31644382180839226,0.436123,2.9999999999999997e-05,1.0
2,3,0.8608998072213828,0.9334554640642291,0.9334554640642291,0.757201646090535,0.8298654153728293,0.8608998072213828,0.32013631117554475,0.436123,2.9999999999999997e-05,2.0
3,3,0.861485056303446,0.9338153115784912,0.9338153115784912,0.7583181818181819,0.8306210738746843,0.861485056303446,0.32299939943601075,0.436123,2.9999999999999997e-05,3.0
4,3,0.8598698735859011,0.933098919531635,0.933098919531635,0.7563251715780651,0.8289916989030974,0.8598698735859011,0.3151050911352833,0.436123,2.9999999999999997e-05,4.0
