,num_features,accuracy,auc_macro,auc_micro,f1_binary,f1_macro,f1_micro,r2,threshold,lambda_,split_version
0,3,0.7446269473245454,0.785062451967858,0.785062451967858,0.5633275794866084,0.6914376895007746,0.7446269473245453,-0.24815690151211367,0.360266,0.0003,0.0
1,3,0.7445097170843537,0.7838302941605401,0.7838302941605401,0.5615156765215447,0.6906271994955682,0.7445097170843537,-0.24872987400012003,0.360266,0.0003,1.0
2,3,0.7454410462147658,0.7859634765141285,0.7859634765141285,0.5642877845406105,0.6922422444797798,0.7454410462147658,-0.24417792590095777,0.360266,0.0003,2.0
3,3,0.7472955458731431,0.7881248423892074,0.7881248423892074,0.5686333366685568,0.6949698504266901,0.747295545873143,-0.23510909829242732,0.360266,0.0003,3.0
4,3,0.7477970340556066,0.7868092969294812,0.7868092969294812,0.5670393559928445,0.6945587046727681,0.7477970340556066,-0.23265804289260505,0.360266,0.0003,4.0
