,num_features,accuracy,auc_macro,auc_micro,f1_binary,f1_macro,f1_micro,r2,threshold,lambda_,split_version
0,1,0.7078189300411523,0.7080284552845528,0.7080284552845528,0.7053941908713693,0.7077991362520112,0.7078189300411522,-0.16890243902438962,1.0,1e-05,0.0
1,1,0.6296296296296297,0.6883807588075881,0.6883807588075881,0.6428571428571429,0.6291208791208791,0.6296296296296297,-0.48170731707317005,0.433333,0.003,1.0
2,2,0.7603305785123967,0.7627390710382513,0.7627390710382513,0.7521367521367521,0.7600683760683761,0.7603305785123967,0.041256830601092975,1.0,0.003,2.0
3,1,0.7107438016528925,0.7105191256830602,0.7105191256830602,0.72,0.7104273504273504,0.7107438016528925,-0.15710382513661214,1.0,1e-05,3.0
4,1,0.6900826446280992,0.7481557377049182,0.7481557377049182,0.6835443037974683,0.689950289550556,0.6900826446280992,-0.23975409836065564,0.559322,0.003,4.0
