,num_features,accuracy,auc_macro,auc_micro,f1_binary,f1_macro,f1_micro,r2,threshold,lambda_,split_version
0,6,0.9403281145535629,0.9620204154543883,0.9620204154543883,0.8740931357351026,0.9174956468896682,0.9403281145535629,0.6705733869585897,0.179732,0.001,0.0
1,5,0.9386677050348613,0.9610445474056178,0.9610445474056178,0.8708619516119053,0.9153228718643018,0.9386677050348613,0.6614068744558368,0.185185,0.001,1.0
2,5,0.9396664462567041,0.9617170185536978,0.9617170185536978,0.8728004956629491,0.9166275424476742,0.9396664462567041,0.6669151528651065,0.185185,0.001,2.0
3,5,0.9389097053853501,0.9616290374051883,0.9616290374051883,0.8716087889690101,0.9157640969770697,0.9389097053853501,0.6627373960147785,0.185185,0.001,3.0
4,5,0.9403639729922342,0.9626788089194201,0.9626788089194201,0.87427394247301,0.9175927227883429,0.9403639729922342,0.6707676699901219,0.185185,0.001,4.0
