,num_features,accuracy,auc_macro,auc_micro,f1_binary,f1_macro,f1_micro,r2,threshold,lambda_,split_version
0,7,0.775117367442749,0.7890504145794225,0.7890504145794225,0.5251252773166608,0.6889000872180011,0.775117367442749,-0.24149460706531967,0.359375,0.003,0.0
1,7,0.7752422655038902,0.7885391510249751,0.7885391510249751,0.5269961036551426,0.6897987273404697,0.7752422655038902,-0.24080509063812183,0.359375,0.003,1.0
2,7,0.7763353170229961,0.7897604629456647,0.7897604629456647,0.5280959836306987,0.6907651778785435,0.7763353170229961,-0.23479079412171955,0.359375,0.003,2.0
3,5,0.7736095804863713,0.787542862634022,0.787542862634022,0.5266084925950962,0.6889202904827862,0.7736095804863713,-0.24983883093212422,0.352601,0.001,3.0
4,5,0.7738356758186453,0.787266895896721,0.787266895896721,0.5244620209166885,0.6880497443427214,0.7738356758186452,-0.2485843063562989,0.352601,0.001,4.0
