,num_features,accuracy,auc_macro,auc_micro,f1_binary,f1_macro,f1_micro,r2,threshold,lambda_,split_version
0,2,0.7326923076923076,0.7968195266272189,0.7968195266272189,0.7290448343079922,0.7326438592792333,0.7326923076923076,-0.0692307692307692,0.5,0.003,0.0
1,6,0.5,0.9399926035502958,0.9399926035502958,0.6666666666666666,0.3333333333333333,0.5,-1.0,0.0,0.003,1.0
2,1,0.6423076923076924,0.6594748520710058,0.6594748520710058,0.6568265682656826,0.6416662961810341,0.6423076923076924,-0.4307692307692308,0.588525,0.003,2.0
3,1,0.6153846153846154,0.6465088757396449,0.6465088757396449,0.6282527881040891,0.6149232068010486,0.6153846153846154,-0.5384615384615385,0.588525,0.003,3.0
4,2,0.7019230769230769,0.7805917159763314,0.7805917159763314,0.7058823529411765,0.701869051714253,0.7019230769230769,-0.1923076923076923,0.5,0.003,4.0
