,num_features,accuracy,auc_macro,auc_micro,f1_binary,f1_macro,f1_micro,r2,threshold,lambda_,split_version
0,4,0.845203679369251,0.8952361000785859,0.8952361000785859,0.8858305873231247,0.8227602549018724,0.845203679369251,0.32103921237161626,0.735294,0.003,0.0
1,4,0.8570302233902759,0.9008648085975535,0.9008648085975535,0.8953846153846153,0.8348292371528886,0.8570302233902759,0.3729122776403383,0.735294,0.003,1.0
2,4,0.8559411146161935,0.9004046967002354,0.9004046967002354,0.8944123314065511,0.8338893749671299,0.8559411146161935,0.36821126058794207,0.735294,0.003,2.0
3,3,0.8306600052590061,0.8754212108914596,0.8754212108914596,0.8759152215799615,0.8046794650946165,0.8306600052590061,0.2571729447183263,0.701149,0.003,3.0
4,3,0.8317118064685775,0.8854380684261832,0.8854380684261832,0.8760170476559472,0.80707562693763,0.8317118064685775,0.26178677735982747,0.701149,0.003,4.0
