,num_features,accuracy,auc_macro,auc_micro,f1_binary,f1_macro,f1_micro,r2,threshold,lambda_,split_version
0,1,0.775,0.6166666666666667,0.6166666666666667,0.8615384615384616,0.6307692307692307,0.775,-0.19999999999999996,1.0,1e-05,0.0
1,1,0.875,0.7833333333333333,0.7833333333333333,0.9206349206349207,0.8132586367880486,0.875,0.33333333333333337,1.0,1e-05,1.0
2,1,0.7435897435897436,0.7327586206896552,0.7327586206896552,0.8529411764705882,0.4264705882352941,0.7435897435897437,-0.34482758620689613,0.0,1e-05,2.0
3,1,0.7631578947368421,0.7049808429118775,0.7049808429118775,0.8656716417910448,0.4328358208955224,0.7631578947368421,-0.31034482758620685,0.0,1e-05,3.0
4,1,0.7631578947368421,0.7222222222222222,0.7222222222222222,0.8656716417910448,0.4328358208955224,0.7631578947368421,-0.31034482758620685,0.0,1e-05,4.0
