,num_features,accuracy,auc_macro,auc_micro,f1_binary,f1_macro,f1_micro,r2,threshold,lambda_,split_version
0,3,0.8447339847991314,0.9466413894566387,0.9466413894566387,0.8210262828535669,0.8419608883107719,0.8447339847991314,0.3497882046269144,0.495327,0.003,0.0
1,3,0.8534201954397395,0.9463871362698343,0.9463871362698343,0.8322981366459626,0.8510574579083237,0.8534201954397395,0.3861636896827514,0.495327,0.003,1.0
2,3,0.8512486427795874,0.9457231158110924,0.9457231158110924,0.8272383354350568,0.8483188817308744,0.8512486427795873,0.37706981841879217,0.495327,0.003,2.0
3,3,0.8367791077257889,0.937550214745529,0.937550214745529,0.8129675810473815,0.8340899681298684,0.8367791077257889,0.3163355386492358,0.495327,0.003,3.0
4,3,0.8454842219804135,0.9361070057629169,0.9361070057629169,0.8207070707070707,0.8424759062904379,0.8454842219804135,0.3527976432546098,0.495327,0.003,4.0
