,num_features,accuracy,auc_macro,auc_micro,f1_binary,f1_macro,f1_micro,r2,threshold,lambda_,split_version
0,4,0.7962962962962963,0.9069767441860466,0.9069767441860466,0.8865979381443299,0.44329896907216493,0.7962962962962963,-0.2558139534883719,0.0,0.003,0.0
1,1,0.7407407407407407,0.7473572938689218,0.7473572938689218,0.8444444444444444,0.5333333333333333,0.7407407407407407,-0.5983086680761096,0.625,0.003,1.0
2,1,0.8679245283018868,0.8095238095238096,0.8095238095238096,0.9176470588235294,0.792156862745098,0.8679245283018869,0.1969696969696968,0.625,0.003,2.0
3,2,0.8679245283018868,0.8636363636363636,0.8636363636363636,0.9213483146067415,0.7547918043621943,0.8679245283018869,0.1969696969696969,0.5,0.003,3.0
4,1,0.8301886792452831,0.9134199134199135,0.9134199134199135,0.8941176470588236,0.7327731092436974,0.8301886792452831,-0.032467532467532534,0.625,0.003,4.0
