,num_features,accuracy,auc_macro,auc_micro,f1_binary,f1_macro,f1_micro,r2,threshold,lambda_,split_version
0,5,0.6373863558851329,0.6509816611944819,0.6509816611944819,0.4701753386820055,0.5972743140834488,0.6373863558851329,-0.6149911542551723,0.378292,0.001,0.0
1,5,0.6385539233598869,0.6506833275469815,0.6506833275469815,0.47137960765870723,0.5983879785673725,0.6385539233598869,-0.6097984530455587,0.378292,0.001,1.0
2,5,0.6385977733927745,0.6508584050852952,0.6508584050852952,0.4720043278333784,0.5986412359304372,0.6385977733927745,-0.6096031549923482,0.378292,0.001,2.0
3,5,0.6406246193573534,0.6542602362821311,0.6542602362821311,0.4761214807238842,0.6013131671864173,0.6406246193573534,-0.6005760449772919,0.378292,0.001,3.0
4,5,0.6390345150162733,0.6500769451498964,0.6500769451498964,0.47179523741622703,0.5988170793117519,0.6390345150162733,-0.6076542168366632,0.378292,0.001,4.0
