,num_features,accuracy,auc_macro,auc_micro,f1_binary,f1_macro,f1_micro,r2,threshold,lambda_,split_version
0,6,0.9948260051739948,0.8683781463242808,0.8683781463242808,0.05307467057101025,0.525240293063196,0.9948260051739948,-6.396606190584358,0.0257921,0.001,0.0
1,6,0.995055,0.8756820209028542,0.8756820209028542,0.058274614359169676,0.5278978028609963,0.995055,-6.07934044752791,0.0257921,0.001,1.0
2,6,0.995015,0.8743597074784459,0.8743597074784459,0.057477784080166384,0.5274893375933488,0.995015,-6.136605082088301,0.0257921,0.001,2.0
3,5,0.99477,0.8707919861734426,0.8707919861734426,0.05390738060781476,0.5256425663573191,0.99477,-6.48735096877067,0.0253097,0.001,3.0
4,6,0.9948799948799949,0.8593430730552876,0.8593430730552876,0.05395417590539542,0.5256936135875914,0.9948799948799949,-6.329873228856784,0.0257921,0.001,4.0
