,best_params,fold_index,mae,mae_median,mse,r2
0,"{'bootstrap': True, 'criterion': 'mse', 'min_samples_leaf': 4}",0,-0.5320751206090218,-0.4314552041931395,-0.47621739258974827,0.5132953091933214
1,"{'bootstrap': True, 'criterion': 'mse', 'min_samples_leaf': 4}",1,-0.5239541628163857,-0.41924939960827734,-0.4620860322411439,0.5254284676259722
2,"{'bootstrap': True, 'criterion': 'mse', 'min_samples_leaf': 5}",2,-0.5245459026918728,-0.42253548578592626,-0.4728754847679788,0.5395926029369749
3,"{'bootstrap': True, 'criterion': 'mse', 'min_samples_leaf': 4}",3,-0.5292223214541232,-0.4163104142684008,-0.4836632042617078,0.5209133815299081
4,"{'bootstrap': True, 'criterion': 'mse', 'min_samples_leaf': 4}",4,-0.5316416487542772,-0.42339958288488944,-0.4906439978683672,0.5148314147255983
