,lights,T1,RH_1,T2,RH_2,T3,RH_3,T4,RH_4,T5,RH_5,T6,RH_6,T7,RH_7,T8,RH_8,T9,RH_9,T_out,Press_mm_hg,RH_out,Windspeed,Visibility,Tdewpoint,rv1,rv2,fold_index
0,0.22261185420422924,0.0,0.47463143948525366,0.0,-0.22241551511933422,0.314200803952966,0.0,-0.09236461881940661,0.0,-0.007924911537807123,0.032294453112159574,0.08199789493217054,0.0,-0.04602446326110504,-0.064866217433281,0.17364025605161054,-0.30848998982675585,-0.28781574949442623,-0.0421847468228725,0.0,-0.017708453115577876,0.0,0.050482701232369594,0.008504533447716348,0.0,0.0,0.0,0.0
1,0.20518300171605441,-0.007010569785819753,0.5009390841598608,0.0,-0.22901611072805492,0.32828577319960883,0.025549978350003295,-0.10564316067785501,0.0,-0.020725169619745607,0.02483568910175908,0.06564568965258784,0.0,-0.014429121318650116,-0.07430684115983356,0.18127693959527366,-0.30139078954750564,-0.332454191835286,-0.0622073420634072,0.0,-0.020262908007296958,0.0,0.0494789004317366,0.0,0.0,0.0,0.0,1.0
2,0.20452337166327036,-0.02996553806078075,0.4376879204386543,0.0,-0.22377719330232226,0.3543369841796815,0.052590871386381806,-0.0992037207696135,0.0,0.0,0.03306635566390803,0.08778203339777875,0.0,-0.03570950616696637,-0.07015309660949554,0.18021458382046032,-0.3292028270786205,-0.32381953671214364,-0.06639050480028663,0.0,-0.022152390717038128,0.0,0.041843960469948725,0.007887964385421773,0.0,0.0,0.0,2.0
3,0.20369187384603657,-0.022001159213469835,0.458972292152572,0.0,-0.22077526093853073,0.3238826422393004,0.03148982461833911,-0.1126896763666997,0.0,0.0,0.022006008990756096,0.08616272948344926,0.0,-0.026778511712762968,-0.07243262902161837,0.18083288267422618,-0.31161405708468065,-0.3294822266805437,-0.07287347363493715,0.0,-0.016609866192677594,0.0,0.04063793639171692,0.012395937272931076,0.0,0.0,0.0,3.0
4,0.20154161346883237,0.0,0.46885645277916377,0.0,-0.2137199969227903,0.31975837264252976,0.02407257065365069,-0.08795476666882611,0.0,-0.01821109846695536,0.038150637875509194,0.0793068756440157,0.0,-0.035898884801720606,-0.07528049343587756,0.15717486112053955,-0.313415888206101,-0.30340224661786835,-0.0768829360287606,0.0,-0.021300109712994536,0.0,0.047979914172924576,0.008637881194814435,0.0,0.0,0.0,4.0
