,best_params,fold_index,mae,mae_median,mse,r2
0,"{'alpha': 0.03, 'l1_ratio': 0.00825}",0,-0.6060560985765753,-0.41022056628212367,-0.7509790635212898,0.260413136603975
1,"{'alpha': 0.03, 'l1_ratio': 0.001}",1,-0.6241153549728216,-0.42182444996563756,-0.7910959947940278,0.24980273791307184
2,"{'alpha': 0.03, 'l1_ratio': 0.001}",2,-0.581866332201505,-0.3952680415090319,-0.7016679508232855,0.2568709091424015
3,"{'alpha': 0.001, 'l1_ratio': 0.001}",3,-0.5963854119887345,-0.4108926486417586,-0.7162195391249748,0.2732129769298277
4,"{'alpha': 0.03, 'l1_ratio': 0.001}",4,-0.6023654971789977,-0.41895664928926213,-0.7402307446934484,0.26060718017670403
