,best_params,fold_index,mae,mae_median,mse,r2
0,{'alpha': 0.00825},0,-0.6075423345320133,-0.4118908384088392,-0.756288107865324,0.25518462938617925
1,{'alpha': 0.00825},1,-0.6264092614248861,-0.4260516521789235,-0.7962267032167757,0.2449372810827487
2,{'alpha': 0.00825},2,-0.5806296186929495,-0.3970938935760448,-0.7011340773525758,0.25743632887755674
3,{'alpha': 0.00825},3,-0.5975738113393904,-0.4163853737752704,-0.725760401402028,0.2635313436971828
4,{'alpha': 0.00825},4,-0.6024339860941776,-0.41724918622441215,-0.7429521880783165,0.25788881740570013
