,best_params,fold_index,mae,mae_median,mse,r2
0,"{'bootstrap': False, 'criterion': 'mse', 'max_features': 4, 'min_samples_leaf': 1}",0,-0.6137200115783719,-0.4768746117157114,-0.7784779682036607,0.3447256035576316
1,"{'bootstrap': False, 'criterion': 'mse', 'max_features': 4, 'min_samples_leaf': 3}",1,-0.6259734199926587,-0.38641788934634,-1.0131332311612242,0.015192772058894577
2,"{'bootstrap': True, 'criterion': 'mse', 'max_features': 4, 'min_samples_leaf': 1}",2,-0.4593756180445826,-0.3116075177835602,-0.467749706966662,0.5035541012629852
3,"{'bootstrap': False, 'criterion': 'mse', 'max_features': 4, 'min_samples_leaf': 1}",3,-0.5301275345564848,-0.37383417941183467,-0.5910739291688369,0.2633710049736956
4,"{'bootstrap': True, 'criterion': 'mse', 'max_features': 4, 'min_samples_leaf': 1}",4,-0.42392408813695165,-0.2918761910958937,-0.38701119912579607,0.6265068101847169
