,CRIM,ZN,INDUS,CHAS,NOX,RM,AGE,DIS,RAD,TAX,PTRATIO,B,LSTAT,fold_index
0,-0.05898838327336564,0.10217977494855013,-0.030080631706328374,0.09282737222429063,-0.1708122345884777,0.2960098689437281,-0.027927858713704436,-0.3007875282830711,0.1903991345121592,-0.14996925586496546,-0.20552210703544577,0.08884822408695545,-0.37489250135790964,0.0
1,-0.07786614693275162,0.07228522949959174,-0.009201099685844885,0.04537741655432459,-0.16446751337727747,0.3201253269336791,-0.024266042862243212,-0.2901105347216565,0.19889026056224188,-0.1938744135974209,-0.22768300561837748,0.09799461362164572,-0.37558817323409965,1.0
2,-0.09560290573848526,0.10689845561339109,-0.04351330919960391,0.0800748291490692,-0.18478160150162218,0.2882306375847401,0.0,-0.3048238747799557,0.19869951899601893,-0.13728842186207926,-0.20391542540731245,0.095195524380239,-0.3825273328770073,2.0
3,-0.10556680508168305,0.09636976161967162,0.0007171644122237201,0.09026729671775903,-0.23258764860028322,0.2628042693554029,0.05115863520295132,-0.29515661967897544,0.21840328582377802,-0.11889672839288555,-0.22193302416428273,0.09794864262779521,-0.43823151514614883,3.0
4,-0.10299129129397992,0.10786219219369016,0.01851190153921267,0.0814674465763078,-0.1696727411767944,0.34557034349390126,-0.02792793144487021,-0.295601356426794,0.1950012400475232,-0.1316236589139906,-0.19696495541897427,0.06903971539980575,-0.37142436778668375,4.0
