,CRIM,ZN,INDUS,CHAS,NOX,RM,AGE,DIS,RAD,TAX,PTRATIO,B,LSTAT,fold_index
0,0.0,0.02581444675863466,-0.01712706130538706,0.07786092740610534,-0.08695014816352906,0.31542581765617855,0.0,-0.13632449398143545,0.0,0.0,-0.19120351087985105,0.06905201849848672,-0.40305724936343723,0.0
1,-0.08485164801805356,0.08441866492128694,0.014194609978101545,0.03966329968554153,-0.19153730049870554,0.3129836980450868,-0.016344015978102984,-0.31934479502222635,0.2838662102417938,-0.2748730436391952,-0.2388274874046237,0.09872845404136703,-0.3932585090675408,1.0
2,-0.03758784822140979,0.018449723222106872,-0.01926847164394681,0.06504474648864338,-0.08775208201906166,0.3148341862012249,0.0,-0.13773285110958258,0.0,0.0,-0.184863695173338,0.07835202515313446,-0.39438413156490887,2.0
3,-0.09521014210543789,0.08136323988602975,0.0,0.08647609217201516,-0.22729152829551832,0.2634563399923091,0.03448351787945731,-0.29475508227957503,0.17600483157474844,-0.07583724689304186,-0.22229635025039607,0.09290706336637986,-0.4501132257010173,3.0
4,-0.04188172236098503,0.0346243561421006,0.0,0.0636135562163772,-0.06321134366607109,0.36783381869330417,0.0,-0.13584217426026612,0.0,0.0,-0.16554835417462602,0.042413622712277485,-0.3864580885768306,4.0
