,best_params,fold_index,mae,mae_median,mse,r2
0,"{'bootstrap': True, 'criterion': 'mse', 'min_samples_leaf': 3}",0,-0.30242445626228615,-0.20542914992479822,-0.25195543238202894,0.7879195678903047
1,"{'bootstrap': True, 'criterion': 'mse', 'min_samples_leaf': 3}",1,-0.3583520513182002,-0.2137952009223438,-0.48363243231238584,0.5298893567412934
2,"{'bootstrap': True, 'criterion': 'mse', 'min_samples_leaf': 4}",2,-0.2931273561081101,-0.17275916223220128,-0.19708408765368227,0.7908249100646249
3,"{'bootstrap': True, 'criterion': 'mse', 'min_samples_leaf': 1}",3,-0.25577660528787544,-0.18819880689247212,-0.11585998878782867,0.8556088792064477
4,"{'bootstrap': True, 'criterion': 'mse', 'min_samples_leaf': 3}",4,-0.3372961199070359,-0.20794323352748117,-0.32104192349798816,0.6901718287673568
