,best_params,fold_index,mae,mae_median,mse,r2
0,"{'alpha': 0.03, 'l1_ratio': 0.001}",0,-0.3598187549563103,-0.27424322103161547,-0.2980327164698155,0.7491345723560073
1,"{'alpha': 0.03, 'l1_ratio': 0.03}",1,-0.39332906848563515,-0.2556625992458209,-0.3736220219968831,0.636824006494415
2,"{'alpha': 0.03, 'l1_ratio': 0.001}",2,-0.354882202208456,-0.2665714375594369,-0.2265770611429799,0.7595225585885075
3,"{'alpha': 0.03, 'l1_ratio': 0.03}",3,-0.3269211859303623,-0.24508613435963766,-0.2185858402103388,0.7275862462288898
4,"{'alpha': 0.03, 'l1_ratio': 0.03}",4,-0.40159028894529314,-0.3374669526023809,-0.3017446927090543,0.7087950218383612
