,best_params,fold_index,mae,mae_median,mse,r2
0,{'alpha': 0.03},0,-0.38538657166987417,-0.24740491278873714,-0.3296144591516415,0.7225510231488477
1,{'alpha': 0.001},1,-0.4003998817717858,-0.26607618976374914,-0.3728148930966482,0.6376085690281306
2,{'alpha': 0.03},2,-0.3602763805751355,-0.25694112899202737,-0.23630893455806462,0.749193639998098
3,{'alpha': 0.00825},3,-0.32567764127263543,-0.24880300641936115,-0.21815472697525276,0.7281235233670482
4,{'alpha': 0.03},4,-0.40994181181528533,-0.32035854823561183,-0.32509310490506355,0.6862621520715226
