,CRIM,ZN,INDUS,CHAS,NOX,RM,AGE,DIS,RAD,TAX,PTRATIO,B,LSTAT,fold_index
0,0.06340807625532356,0.002279345474713163,0.02897380459879106,0.001463918738606022,0.032549745173396614,0.3787326318564046,0.04281055195413277,0.04158908219813898,0.0041331020629963,0.01858121692105003,0.03436665782957193,0.02034175635030595,0.3307701105865689,0.0
1,0.12035177970268929,0.005946968264175196,0.02138442334606798,0.002861141581873882,0.04828157506524942,0.32761886749631236,0.0413231455914059,0.04546431138177546,0.010073760260241309,0.02863865037636639,0.03596625940916138,0.03860952453001467,0.27347959299466673,1.0
2,0.042713135021593206,0.0011514941135640216,0.042510214672267184,0.0010864935826555176,0.033751787578337876,0.369261284611284,0.020789289264143834,0.07211369696332784,0.004819926032730328,0.021428950852326645,0.03568579500444209,0.012566782834032498,0.3421211494692951,2.0
3,0.05271530834817999,0.0012048577415293227,0.021875423741679372,0.0034670162169940983,0.036518577957232214,0.3478279733914762,0.01650333155168013,0.05281234169161879,0.0048938623100032875,0.01563153529918394,0.059461556492164586,0.01307417002761504,0.37401404523064313,3.0
4,0.05148349029627907,0.002911884662057064,0.026189088756342245,0.0030139673795852133,0.05132925829130921,0.3845316171357225,0.03521568659567632,0.051856317012496315,0.0050014946619069325,0.014215707573085157,0.04671224790412157,0.02316780883425975,0.3043714308971586,4.0
