,CRIM,ZN,INDUS,CHAS,NOX,RM,AGE,DIS,RAD,TAX,PTRATIO,B,LSTAT,fold_index
0,0.032582125598280325,0.000885784598629303,0.0037720340015644626,0.001273074083959837,0.012073483320736546,0.4350354344045389,0.015328670575573355,0.060940364235455,0.004310238921567301,0.0180679525379233,0.010938909099915652,0.011064677376685738,0.39372725124517016,0.0
1,0.04656823844585828,0.0015761665023659433,0.005088532014648345,0.0003041807780318753,0.023284015379983983,0.5370197466571086,0.011103722516964488,0.011741695922640152,0.004234896133498505,0.009623089876250202,0.02151739844909225,0.006313658468602778,0.3216246588549548,1.0
2,0.02641612836015054,0.0007629200917722422,0.003268409327215735,0.0002516045531536835,0.030957689611589324,0.42006726032164116,0.019293856816100942,0.04727400257797924,0.00313322879963753,0.011883471835865562,0.014074315415377741,0.007975592258741416,0.4146415200307748,2.0
3,0.04552663380789443,0.0006863771940271181,0.009189093900776645,0.0022787614626630895,0.02574099862554383,0.39813277432433997,0.01746323444610108,0.06469385296328671,0.004568925303840864,0.01366175918492259,0.018223299014194557,0.01255763625020573,0.3872766535222034,3.0
4,0.022834983024217045,0.0008305824926506519,0.0032569005533638878,0.0006095553979596998,0.01847266148899432,0.5485873693147593,0.011409400008804766,0.0482743735288927,0.0023333516395484108,0.007417765459900898,0.011343946954074612,0.007221021408895451,0.31740808872793824,4.0
