,best_params,fold_index,mae,mae_median,mse,r2
0,"{'bootstrap': True, 'criterion': 'mae', 'max_features': 8, 'min_samples_leaf': 1}",0,-0.29410964424885266,-0.19829111761574203,-0.20783398712401144,0.8250582597897378
1,"{'bootstrap': False, 'criterion': 'mse', 'max_features': 8, 'min_samples_leaf': 5}",1,-0.4321962914198026,-0.2619782300653155,-0.5902592061962157,0.42624374095936723
2,"{'bootstrap': False, 'criterion': 'mse', 'max_features': 8, 'min_samples_leaf': 4}",2,-0.3974734818323443,-0.26526699741824833,-0.4207362495960956,0.5534518088391625
3,"{'bootstrap': False, 'criterion': 'mse', 'max_features': 8, 'min_samples_leaf': 5}",3,-0.3126284740322957,-0.2385418097199321,-0.16690139094188217,0.7919982631429974
4,"{'bootstrap': True, 'criterion': 'mse', 'max_features': 8, 'min_samples_leaf': 4}",4,-0.3483954713931501,-0.22675998856264712,-0.33676979985005495,0.6749933152746649
