,best_params,fold_index,mae,mae_median,mse,r2
0,"{'bootstrap': True, 'criterion': 'mse', 'max_features': 8, 'min_samples_leaf': 2}",0,-0.8031366493895121,-0.8420140208370888,-0.8804440840884796,-0.05194353539296115
1,"{'bootstrap': True, 'criterion': 'mae', 'max_features': 1, 'min_samples_leaf': 1}",1,-0.7070122034849154,-0.6996569088781983,-0.649552184523287,0.1301460302098293
2,"{'bootstrap': False, 'criterion': 'mse', 'max_features': 3, 'min_samples_leaf': 4}",2,-0.8877044194908107,-0.794861024637022,-1.1503520821023177,0.05691101036634616
3,"{'bootstrap': True, 'criterion': 'mse', 'max_features': 5, 'min_samples_leaf': 1}",3,-0.9412662125912313,-0.7742972027853194,-1.2367544929874865,0.07557910724497674
4,"{'bootstrap': True, 'criterion': 'mae', 'max_features': 3, 'min_samples_leaf': 1}",4,-0.7989330758627835,-0.7850216026109458,-0.8956474393245625,-0.18948191336941878
