,best_params,fold_index,mae,mae_median,mse,r2
0,"{'bootstrap': True, 'criterion': 'mae', 'min_samples_leaf': 1}",0,-0.8022561763363389,-0.790119637064996,-0.853379758565614,-0.019607419121563607
1,"{'bootstrap': True, 'criterion': 'mse', 'min_samples_leaf': 2}",1,-0.6856462858646655,-0.6753914139482766,-0.6453892525782504,0.13572086001509587
2,"{'bootstrap': True, 'criterion': 'mse', 'min_samples_leaf': 3}",2,-0.8489846112796627,-0.7169913962427505,-1.080910772540675,0.11384082819537367
3,"{'bootstrap': True, 'criterion': 'mse', 'min_samples_leaf': 2}",3,-0.8708185644717995,-0.7566354324432688,-1.1064971361548688,0.17294088985734568
4,"{'bootstrap': True, 'criterion': 'mae', 'min_samples_leaf': 1}",4,-0.8030334565104312,-0.7161799391557094,-0.860515889247763,-0.14282477846318953
