,best_params,fold_index,mae,mae_median,mse,r2
0,"{'bootstrap': True, 'criterion': 'mse', 'min_samples_leaf': 2}",0,-0.3518060064604909,-0.30967984824446737,-0.18490867133984357,0.8220284188773537
1,"{'bootstrap': True, 'criterion': 'mse', 'min_samples_leaf': 1}",1,-0.4385224592823173,-0.35493478255837263,-0.31521221107161895,0.7590451977462895
2,"{'bootstrap': True, 'criterion': 'mse', 'min_samples_leaf': 1}",2,-0.40791366134613705,-0.3428012929763972,-0.25156361071146743,0.6601028487117859
3,"{'bootstrap': True, 'criterion': 'mse', 'min_samples_leaf': 1}",3,-0.4024653832669398,-0.3290682419452031,-0.2605078894166226,0.7790031550980987
4,"{'bootstrap': True, 'criterion': 'mse', 'min_samples_leaf': 1}",4,-0.3826356210953274,-0.33785432259075077,-0.227839220461062,0.6999089525761606
