,best_params,fold_index,mae,mae_median,mse,r2
0,"{'alpha': 0.03, 'l1_ratio': 0.001}",0,-0.23613302465874791,-0.1600777451007793,-0.1038600839504264,0.9000363626959593
1,"{'alpha': 0.03, 'l1_ratio': 0.001}",1,-0.2507382027497445,-0.19638955369934913,-0.10675941621713622,0.9183908709124315
2,"{'alpha': 0.03, 'l1_ratio': 0.00825}",2,-0.21481092553372122,-0.19096282577762996,-0.08173600946248649,0.8895633724790577
3,"{'alpha': 0.03, 'l1_ratio': 0.00825}",3,-0.2360318496353771,-0.2030160897457939,-0.08768659001062826,0.9256127721277415
4,"{'alpha': 0.03, 'l1_ratio': 0.00825}",4,-0.21838787168816748,-0.15661453748543547,-0.08851876449056496,0.8834103772876208
