,best_params,fold_index,mae,mae_median,mse,r2
0,"{'bootstrap': True, 'criterion': 'mse', 'min_samples_leaf': 1}",0,-0.26007168173329037,-0.12194138075354255,-0.2317445475557496,0.8593488400277758
1,"{'bootstrap': True, 'criterion': 'mse', 'min_samples_leaf': 1}",1,-0.2231603534461862,-0.15040157163921508,-0.08373468954789785,0.9003484508991987
2,"{'bootstrap': True, 'criterion': 'mse', 'min_samples_leaf': 1}",2,-0.23314295396094584,-0.17437577257578324,-0.1006980933644517,0.8684176604157902
3,"{'bootstrap': False, 'criterion': 'mae', 'min_samples_leaf': 2}",3,-0.28501172315842316,-0.22110333144663785,-0.15481291950720885,0.7811967454377879
4,"{'bootstrap': False, 'criterion': 'mae', 'min_samples_leaf': 2}",4,-0.35150947119322123,-0.17988771245545143,-0.38144374286680616,0.6618181903673843
