,best_params,fold_index,mae,mae_median,mse,r2
0,"{'alpha': 0.00825, 'l1_ratio': 0.03}",0,-0.1307923787176965,-0.06826867499841305,-0.0928210472621987,0.9436647459240687
1,"{'alpha': 0.001, 'l1_ratio': 0.001}",1,-0.11452839533037945,-0.09308859447164586,-0.028782364840424575,0.9657464874042188
2,"{'alpha': 0.00825, 'l1_ratio': 0.03}",2,-0.09831992076148244,-0.06499622803569682,-0.020468287761395587,0.9732540597250469
3,"{'alpha': 0.001, 'l1_ratio': 0.03}",3,-0.09737190500783523,-0.07093278887190319,-0.021575789136480696,0.9695060793515352
4,"{'alpha': 0.00825, 'l1_ratio': 0.03}",4,-0.13755439976501407,-0.06675267612201644,-0.0544580187494619,0.9517184075657239
