,best_params,fold_index,mae,mae_median,mse,r2
0,"{'bootstrap': False, 'criterion': 'mae', 'max_features': 8, 'min_samples_leaf': 1}",0,-0.11336338123811153,-0.08168515001903087,-0.028669216062557634,0.9724063470078014
1,"{'bootstrap': False, 'criterion': 'mae', 'max_features': 8, 'min_samples_leaf': 1}",1,-0.14524630302506483,-0.11724836010388193,-0.04232454367776428,0.9676462342062089
2,"{'bootstrap': False, 'criterion': 'mae', 'max_features': 8, 'min_samples_leaf': 1}",2,-0.11328237835483647,-0.07356371255168252,-0.02663310616275304,0.9640149984766311
3,"{'bootstrap': False, 'criterion': 'mae', 'max_features': 8, 'min_samples_leaf': 1}",3,-0.12870675733689907,-0.11201831567966936,-0.029497418842551342,0.9749764334909322
4,"{'bootstrap': True, 'criterion': 'mse', 'max_features': 8, 'min_samples_leaf': 1}",4,-0.09705824190588826,-0.06944165025340708,-0.019461664295746976,0.974366699415038
