,best_params,fold_index,mae,mae_median,mse,r2
0,"{'bootstrap': True, 'criterion': 'mse', 'min_samples_leaf': 2}",0,-0.597945366792918,-0.4304792767187387,-0.697196927290026,0.2939933293848169
1,"{'bootstrap': True, 'criterion': 'mse', 'min_samples_leaf': 2}",1,-0.5745722264184407,-0.40448639512086726,-0.6678493556580571,0.3411505026966062
2,"{'bootstrap': True, 'criterion': 'mse', 'min_samples_leaf': 2}",2,-0.5875492067316676,-0.43468376725456237,-0.6717570018216827,0.3508306423448343
3,"{'bootstrap': True, 'criterion': 'mse', 'min_samples_leaf': 2}",3,-0.5886868634042702,-0.43862085326228145,-0.6749462628736456,0.3221792673565044
4,"{'bootstrap': True, 'criterion': 'mse', 'min_samples_leaf': 1}",4,-0.5844369552001459,-0.43163541400218985,-0.640274667635023,0.33893850709572515
