,climbRate,Sgz,p,q,curRoll,absRoll,diffClb,diffRollRate,diffDiffClb,SaTime1,SaTime2,SaTime3,SaTime4,diffSaTime1,diffSaTime2,diffSaTime3,diffSaTime4,Sa,fold_index
0,0.06651024337857177,0.02728865696015388,0.033865687896334554,0.029902684082513935,0.022204737472296746,0.11176121806305268,0.022472048843814013,0.17077815249594405,0.01695904300404371,0.4265878202729687,0.014901593420667903,0.013297948297091475,0.018159660773456918,0.004091774161557099,0.0,0.0032241996429668222,0.0,0.017994531234565868,0.0
1,0.06564973644531269,0.027824747577213857,0.03445091609736889,0.030198202825506493,0.024244787072808808,0.11847746809717594,0.023471211104689256,0.16979533198928526,0.017049146227861092,0.41953735520956104,0.012430655319721618,0.012372811564077825,0.01820217404848821,0.003927379485007766,0.0,0.0033170801945175167,0.0,0.019050996741403873,1.0
2,0.06560870727599187,0.02713685228274886,0.03373712534255169,0.03117657327779078,0.024602761427259378,0.1181036800559366,0.023302748864520332,0.1723327012766457,0.017331767988963697,0.4107738851991733,0.015786212552044064,0.015387250865780537,0.018867522528972457,0.0037662356456923283,0.0,0.0029390325871995115,0.0,0.019146942828728836,2.0
3,0.06674277182678277,0.027224868836619266,0.03386951909574381,0.03175755572082773,0.02377910585746325,0.11777968112906965,0.022372063660326146,0.1642694159684866,0.01781803049469287,0.42519299357062657,0.010592129418847624,0.012838485964107407,0.019361370298475854,0.004018971711419245,0.0,0.003274713422472124,0.0,0.019108323024039163,3.0
4,0.06583385471452628,0.029461183272973576,0.03303970671885792,0.03232008164182931,0.026026554739219027,0.11780395116395599,0.023977293317366158,0.15990593079394244,0.018899539142517272,0.42008874899953236,0.012783449964199849,0.013747722746873949,0.016699712057783075,0.005493395265859196,2.1546329841163728e-07,0.005080457142623872,6.478356434983942e-08,0.018838138071076968,4.0
