,best_params,fold_index,mae,mae_median,mse,r2
0,"{'bootstrap': True, 'criterion': 'mae', 'min_samples_leaf': 1}",0,-0.863898297336235,-0.7800423940655581,-1.0818611020836422,-0.1298417084056649
1,"{'bootstrap': True, 'criterion': 'mae', 'min_samples_leaf': 1}",1,-0.8984753530185325,-0.8313875333273154,-1.1746727256861897,-0.20480415351700554
2,"{'bootstrap': True, 'criterion': 'mae', 'min_samples_leaf': 1}",2,-0.9144526641218468,-0.8401499203565443,-1.1789572779734916,-0.13174588322565617
3,"{'bootstrap': True, 'criterion': 'mae', 'min_samples_leaf': 1}",3,-0.8997518801778739,-0.8167703875975187,-1.1758270449335169,-0.1561117125832845
4,"{'bootstrap': True, 'criterion': 'mae', 'min_samples_leaf': 1}",4,-0.9126945496088258,-0.8449004470266585,-1.1838789146661142,-0.17974830597865266
