,best_params,fold_index,mae,mae_median,mse,r2
0,{'alpha': 0.02275},0,-0.7887968628767258,-0.7357498422462354,-0.8705356381846349,0.09085605279622977
1,{'alpha': 0.00825},1,-0.7960040811664536,-0.7351429569876666,-0.8772074049674372,0.10029142424902093
2,{'alpha': 0.00825},2,-0.8408234018090098,-0.7806652246594483,-0.9585737824655212,0.07981234575508322
3,{'alpha': 0.00825},3,-0.8152331843157286,-0.746821858660382,-0.9206196854909819,0.09481653291020942
4,{'alpha': 0.00825},4,-0.8160353631484647,-0.7590890377130829,-0.91263401505324,0.09055020754279719
