,Jitter(%),Jitter(Abs),Jitter:RAP,Jitter:PPQ5,Jitter:DDP,Shimmer,Shimmer(dB),Shimmer:APQ3,Shimmer:APQ5,Shimmer:APQ11,Shimmer:DDA,NHR,HNR,RPDE,DFA,PPE,fold_index
0,0.051520149783436546,0.07893476835100062,0.04904002258741801,0.04621178501802018,0.04887842102390777,0.05153022259553131,0.04635405411426648,0.047535017761604355,0.04888884890539909,0.05861980530627237,0.049578788569282564,0.06779418617287115,0.08312428556445595,0.073581621829647,0.12698825083978982,0.07141977157709672,0.0
1,0.051304198184302444,0.08569888131232452,0.044560685210423084,0.05156805183114762,0.04541939866167432,0.05049114875941622,0.046762788545851294,0.04603320242487437,0.04712184753985976,0.05764617301874142,0.05112612734776692,0.06197642830617837,0.08078358982087507,0.0747335486040791,0.1375166422481026,0.06725728818438297,1.0
2,0.04959946751682708,0.08324515260314948,0.04271252423134603,0.04811078424117937,0.04629342060458596,0.04909888112189634,0.04445727045052078,0.04630743606097562,0.04550534334706937,0.05974749116296023,0.052132867204812514,0.06487334356876383,0.08471568123378471,0.06502616337703362,0.138636786348467,0.07953738692662808,2.0
3,0.05367876327627334,0.08082727163507936,0.048553528262883595,0.05120724921871018,0.04841660731430192,0.052385749358217,0.04927317120770604,0.04922272392616967,0.04500885745093873,0.055194154909087925,0.04979863103124434,0.06440472987577188,0.07808894087868096,0.07462337004679216,0.13019392966112633,0.06912232194701665,3.0
4,0.04924509802904125,0.08141505525571625,0.046936427529953015,0.05608895259874742,0.05180155497579604,0.04951902884254042,0.049753872723197,0.0498786673761554,0.051235698532804574,0.0584837206706961,0.05097674584626167,0.060851519374952104,0.08541650285701392,0.07218066864024189,0.1167950630176366,0.0694214237292464,4.0
