,best_params,fold_index,mae,mae_median,mse,r2
0,{'alpha': 0.0155},0,-0.7577110407322858,-0.6850561721128849,-0.8606492151369722,0.10525095011344021
1,{'alpha': 0.00825},1,-0.7660136443230002,-0.6744907606397337,-0.891575233601972,0.08677904303931971
2,{'alpha': 0.00825},2,-0.7975692596823607,-0.7175105466031377,-0.9184809999749912,0.08432854262743728
3,{'alpha': 0.00825},3,-0.7888589217956749,-0.7050736605256093,-0.9308458821566401,0.0790465520560798
4,{'alpha': 0.00825},4,-0.801095388601688,-0.7022503002719412,-0.9542393311778146,0.082252460992292
