,Jitter(%),Jitter(Abs),Jitter:RAP,Jitter:PPQ5,Jitter:DDP,Shimmer,Shimmer(dB),Shimmer:APQ3,Shimmer:APQ5,Shimmer:APQ11,Shimmer:DDA,NHR,HNR,RPDE,DFA,PPE,fold_index
0,0.05129614738562891,0.07165999575805021,0.052840112974095285,0.055759791713469446,0.051815178066383964,0.05320939010693009,0.04802038053695923,0.05328745238800206,0.05572401791476172,0.061015647504846185,0.05381410367005889,0.06637554345055935,0.07772382046967673,0.0613733446121665,0.11621614315825007,0.06986893029016131,0.0
1,0.05322524141872091,0.07638451652695437,0.05086955618432139,0.05306869363212779,0.05431646156128326,0.05378971261450079,0.04992264572069128,0.0522539117161477,0.05444297029033535,0.05871040395538522,0.05480715976574543,0.06377455919646417,0.07853817824743121,0.06758314749232854,0.1107597353199175,0.06755310635764512,1.0
2,0.05402549948034072,0.07491895181127943,0.05115429790913704,0.05638982223936009,0.05331008901644524,0.052971209188693386,0.05286568409314068,0.05602717256741397,0.06085865990237492,0.06278587999141898,0.05612468948918897,0.060478587116594,0.07761873510552429,0.06437543940297315,0.102750242724135,0.06334503996198022,2.0
3,0.05202959646513377,0.07410516449129548,0.05049606138472133,0.052482739495522256,0.05262825737570836,0.05012917228319694,0.051678938423106356,0.05686979443184988,0.05696769939128771,0.056059334699785274,0.0508660140634802,0.06524535949735423,0.07773443373763793,0.06797009628258682,0.11560670597165768,0.06913063200567585,3.0
4,0.05202430013583159,0.07336287836926952,0.05255880941217184,0.05431697487129025,0.05152841426988267,0.05441252044906639,0.051527349363086554,0.05693762193872653,0.05935073906156018,0.05617261145376658,0.050344295578604134,0.06559719444268797,0.07628551949571588,0.06688935554627734,0.10885513413617529,0.0698362814758873,4.0
