,Jitter(%),Jitter(Abs),Jitter:RAP,Jitter:PPQ5,Jitter:DDP,Shimmer,Shimmer(dB),Shimmer:APQ3,Shimmer:APQ5,Shimmer:APQ11,Shimmer:DDA,NHR,HNR,RPDE,DFA,PPE,fold_index
0,0.0,0.0,0.0,0.0,0.0,0.0,0.0,-0.011593997399967467,0.0,0.021804061064805546,-0.011452437633896466,-0.1443354171550164,-0.12906515741451616,0.04372851302317553,-0.2058020212675564,0.17741247836107157,0.0
1,0.0,-0.022137641220449214,0.003370603661949055,0.0,0.012780853509947301,0.0,0.0,-0.0645561508697278,0.0,0.11309290639904404,-0.061980701609897756,-0.1659144621676401,-0.20077309241395172,0.04794586477136056,-0.24430693275462143,0.16975326568368418,1.0
2,0.0,-0.02687683214732977,0.0,0.0,0.0,0.0,0.0,-0.0655830022559601,0.0,0.11705168733747948,-0.06299049006146619,-0.1800818592050358,-0.18308421186854065,0.043297220786909764,-0.23787735342139726,0.18566986417567893,2.0
3,0.0,-0.04264870952445554,0.0,0.0,0.02112586340691846,0.0,0.0,-0.04991147923090858,0.0,0.07653307988274598,-0.04555911370212596,-0.19111596707983922,-0.19847742486481043,0.04140653605250072,-0.2484979901076857,0.18721061046539544,3.0
4,0.0,-0.023102649614125097,0.006950290038737485,0.0,0.009683023075116754,0.0,0.0,-0.046831266050666,-0.030217264254746294,0.08939810057739886,-0.048952985369125075,-0.16335970335896624,-0.20574425376205752,0.057946781002672636,-0.24887336458626869,0.16206303095825478,4.0
