,Jitter(%),Jitter(Abs),Jitter:RAP,Jitter:PPQ5,Jitter:DDP,Shimmer,Shimmer(dB),Shimmer:APQ3,Shimmer:APQ5,Shimmer:APQ11,Shimmer:DDA,NHR,HNR,RPDE,DFA,PPE,fold_index
0,0.054664012672773786,0.07337649501524326,0.05340364916563138,0.05403867345894965,0.05324167242916622,0.057916278625184975,0.05335430346171058,0.055606246756803195,0.05750651615885394,0.06422629623076742,0.05538872720391792,0.0646587534773638,0.07430155714824145,0.06138051448754295,0.10107271880319166,0.06586358490465774,0.0
1,0.05222639119208213,0.07488756474081883,0.052726770148875196,0.054355776173636,0.053644211408996965,0.056290473150272906,0.05362208162767211,0.058392631584547015,0.05936711841146002,0.06219659610183496,0.05683255113773132,0.061186358810047026,0.0747508131012419,0.06011623358519769,0.09879519774483767,0.07060923108074825,1.0
2,0.057952768119990304,0.07322454002909842,0.05135491768893488,0.0562585701258027,0.05743128682773533,0.056445725104819114,0.05387334553049646,0.05748139278822683,0.05743841053943804,0.060684968663091754,0.056607428778525384,0.06385877076793568,0.07223717696305028,0.06229097271856704,0.09005627170286575,0.07280345365142202,2.0
3,0.0516895378531446,0.076523549200643,0.05069615062071182,0.052623321497945595,0.055255375972587235,0.052618995784583324,0.05117452797389693,0.055326143697715206,0.0566883507991427,0.061040107677493766,0.05477842459061617,0.05977758883249454,0.0742428550957108,0.06476333699051029,0.1102815350329426,0.07252019837986148,3.0
4,0.05456642267735071,0.07706871719187632,0.05245759353316351,0.05643917370812881,0.05290590437268183,0.055876686523472996,0.051340255651124336,0.05577775142680247,0.05688301733202313,0.060467382051154886,0.056075885508567305,0.06511141313759737,0.07179197203841764,0.0633459643526918,0.10195414636495158,0.06793771412999532,4.0
