,Jitter(%),Jitter(Abs),Jitter:RAP,Jitter:PPQ5,Jitter:DDP,Shimmer,Shimmer(dB),Shimmer:APQ3,Shimmer:APQ5,Shimmer:APQ11,Shimmer:DDA,NHR,HNR,RPDE,DFA,PPE,fold_index
0,0.0,-0.0591505538242968,0.0,0.0,0.0,0.0,0.0,0.0,0.0,0.02190531922685161,0.0,-0.06254306083887037,-0.06940242905505832,0.009343822035880937,-0.17771414064768676,0.21685859287087392,0.0
1,0.058984193553367675,-0.12989281673127667,0.0,0.0,0.0,0.0,0.0,-0.038267777106693414,-0.10893695700747114,0.17932968199917168,-0.03683828823632455,-0.11373430000395786,-0.17298653614613946,0.011656701609079447,-0.2311539933103807,0.21781252570729606,1.0
2,0.03718456539775336,-0.1351603013565435,0.0,0.0,0.0,0.0,0.0,-0.05036764255342006,-0.0975239751623703,0.19527093179619676,-0.049585582352706686,-0.12059996385180283,-0.16511899881653003,0.010119236757052065,-0.2232728506633721,0.24841875019935436,2.0
3,0.08894480344418831,-0.16009236979786223,0.0,0.0,0.0,0.0,0.0,-0.03209831784546378,-0.11873642420530646,0.1468048600334645,-0.028678290746315224,-0.12989024188123796,-0.17604222877955605,0.009016324925817797,-0.22955179967908929,0.2295204727559978,3.0
4,0.030144580252832023,-0.12253726913357704,0.005952160159728463,0.0,0.0066111337051678815,0.0,0.0,-0.02458966610176391,-0.15162082381810352,0.17231778481563476,-0.027091315088152875,-0.10781195600349087,-0.18104907061080758,0.02191180313867052,-0.2377449499745388,0.21356821211613286,4.0
