,Jitter(%),Jitter(Abs),Jitter:RAP,Jitter:PPQ5,Jitter:DDP,Shimmer,Shimmer(dB),Shimmer:APQ3,Shimmer:APQ5,Shimmer:APQ11,Shimmer:DDA,NHR,HNR,RPDE,DFA,PPE,fold_index
0,0.053097420963147804,0.07925628933309045,0.047133225444070365,0.05042963732015573,0.05041284492770003,0.05399949663655323,0.04918311357840799,0.04866365849320291,0.0494246832093052,0.0631551732002849,0.05249950971991786,0.06120019767029355,0.07616428123479176,0.07435248565352777,0.11941203001871409,0.07161595259683635,0.0
1,0.05136311586390494,0.08440869819853664,0.044254458237453685,0.052355211145105815,0.0476777199126778,0.05071597134045702,0.044862227568970375,0.04886072239244237,0.04704058975934588,0.061358522686877276,0.050944463589875984,0.06042161982091652,0.08250697968731693,0.07020412132176017,0.13140949409121025,0.07161608438314838,1.0
2,0.05289636338710186,0.0803850292299395,0.04550937696165616,0.053410943151387266,0.050707788851764815,0.04928101312433216,0.045811948527590865,0.0485931024513924,0.04775383884045363,0.06321908282403398,0.05156786253530862,0.06129890325226083,0.08310927945842744,0.06158426215362391,0.12651886736053333,0.07835233789019322,2.0
3,0.05001842816989718,0.07711398295829014,0.04557339187136336,0.048559525006916425,0.04908748869561477,0.04953892402392549,0.04772463410810456,0.0482712810950725,0.04562511681876415,0.06635721554860229,0.04939447460732627,0.058775676772670524,0.08325882489265142,0.07475372830271657,0.13074569421626284,0.0752016129118215,3.0
4,0.05370196490189663,0.0803816834194221,0.048461810270483054,0.05412943363166068,0.05033581394603346,0.0493344601980396,0.049872264341025124,0.048072125061491784,0.04965940757955669,0.06102230530251544,0.05158573991970616,0.061002513100104384,0.0829969895941531,0.0664118580621781,0.12077473472393503,0.07225689594779856,4.0
