,best_params,fold_index,mae,mae_median,mse,r2
0,"{'bootstrap': True, 'criterion': 'mae', 'min_samples_leaf': 1}",0,-0.8113272193837716,-0.6735145509577304,-1.000497814872974,-0.04486995441011832
1,"{'bootstrap': True, 'criterion': 'mae', 'min_samples_leaf': 1}",1,-0.809538947233732,-0.7290537929426106,-0.9829385111439749,-0.008151781328113339
2,"{'bootstrap': True, 'criterion': 'mae', 'min_samples_leaf': 1}",2,-0.8726623816667682,-0.7896745091447069,-1.1247501324104783,-0.07970946513101063
3,"{'bootstrap': True, 'criterion': 'mae', 'min_samples_leaf': 1}",3,-0.8295551027533804,-0.7216145510213217,-1.0413705281666141,-0.023909655710067756
4,"{'bootstrap': True, 'criterion': 'mae', 'min_samples_leaf': 1}",4,-0.8447057206769006,-0.7500555146481849,-1.049425194262279,-0.04576370086919557
