,Jitter(%),Jitter(Abs),Jitter:RAP,Jitter:PPQ5,Jitter:DDP,Shimmer,Shimmer(dB),Shimmer:APQ3,Shimmer:APQ5,Shimmer:APQ11,Shimmer:DDA,NHR,HNR,RPDE,DFA,PPE,fold_index
0,0.04146424635336757,0.0854363118081121,0.03041349553162101,0.05159601023618888,0.035419432292736336,0.03101842721329145,0.04255960432627998,0.03243307022692598,0.043129338325655055,0.08999732933694571,0.03425863977481783,0.06099420495148304,0.09790554083747648,0.09700678040906098,0.1319901245031002,0.09437744387293735,0.0
1,0.043752219284839855,0.08836479516806647,0.02998315372736558,0.051164314690563394,0.03291151670908584,0.03312165499959196,0.04188067006000099,0.034886636344854845,0.04231223692936483,0.08065461562249698,0.03804793574953355,0.05759459398664184,0.10677927224626238,0.09642617882344752,0.12732762361792513,0.09479258203995883,1.0
2,0.04211205688109988,0.08409930485812665,0.030823445291363393,0.04820900944422723,0.035769988656040363,0.03248068572579838,0.03853822669126137,0.03402334903728094,0.04289700451999119,0.08987679114442622,0.03418283658214655,0.0634503594225997,0.10012564908947212,0.09517337244183154,0.13464322342620355,0.09359469678813094,2.0
3,0.042098954947505006,0.083962989588324,0.03227269572137841,0.051481877760185056,0.03260252501986311,0.03411633970994779,0.04354599470844911,0.03524539615552507,0.04364710857834484,0.08134658079494177,0.03722787816549461,0.06382693223174662,0.1035622501513094,0.09286994469161254,0.12920825547026407,0.09298427630510858,3.0
4,0.04230080788128201,0.08585221545774507,0.030162467598370716,0.053349242428542984,0.03485960798952506,0.03138358333084765,0.04243511229091622,0.036211945384053694,0.04284795287827711,0.07893845103617628,0.03365293678453754,0.060502085459612755,0.10883498477460612,0.09455128699003326,0.13091659742552983,0.09320072228994382,4.0
