,best_params,fold_index,mae,mae_median,mse,r2
0,"{'bootstrap': True, 'criterion': 'mse', 'min_samples_leaf': 4}",0,-0.8263247840485276,-0.7050271518965847,-1.0454094650770522,-0.08682969689485365
1,"{'bootstrap': True, 'criterion': 'mae', 'min_samples_leaf': 1}",1,-0.8643670784915823,-0.7580062388893813,-1.150174183541306,-0.17809818956229173
2,"{'bootstrap': True, 'criterion': 'mae', 'min_samples_leaf': 1}",2,-0.8484754689954949,-0.7176061935117908,-1.1074491271321565,-0.10406154970509496
3,"{'bootstrap': True, 'criterion': 'mae', 'min_samples_leaf': 1}",3,-0.8457159957618477,-0.7348850503826487,-1.1178744285320588,-0.10599437464310113
4,"{'bootstrap': True, 'criterion': 'mse', 'min_samples_leaf': 2}",4,-0.8811677236332349,-0.7579979920614955,-1.1979187876208315,-0.15210826398566657
