,best_params,fold_index,mae,mae_median,mse,r2
0,"{'bootstrap': True, 'criterion': 'mse', 'max_features': 2, 'min_samples_leaf': 3}",0,-0.771443270003619,-0.6474863422104309,-0.9306290148930525,0.03249847646709003
1,"{'bootstrap': True, 'criterion': 'mse', 'max_features': 2, 'min_samples_leaf': 4}",1,-0.787226886934612,-0.6739673194741329,-0.9551952151966827,0.02161449126165116
2,"{'bootstrap': True, 'criterion': 'mse', 'max_features': 2, 'min_samples_leaf': 5}",2,-0.7917824236107579,-0.6996694976865614,-0.9713371354430436,0.03163408885383623
3,"{'bootstrap': True, 'criterion': 'mse', 'max_features': 2, 'min_samples_leaf': 2}",3,-0.7902993666545607,-0.673259347789203,-0.9958988794495943,0.014684896378742707
4,"{'bootstrap': True, 'criterion': 'mae', 'max_features': 2, 'min_samples_leaf': 2}",4,-0.7998732798661803,-0.6756471850954074,-0.9932088058574323,0.044773247638657865
