,best_params,fold_index,mae,mae_median,mse,r2
0,"{'alpha': 0.00825, 'l1_ratio': 0.03}",0,-0.6375476204647275,-0.6708052575430696,-0.5322172307153061,0.4575193572267823
1,"{'alpha': 0.001, 'l1_ratio': 0.03}",1,-0.633592132791592,-0.671896277232314,-0.5300379774589731,0.47354305150258735
2,"{'alpha': 0.00825, 'l1_ratio': 0.03}",2,-0.6309205688601606,-0.657959764066629,-0.528122804869248,0.4712124025494051
3,"{'alpha': 0.00825, 'l1_ratio': 0.03}",3,-0.6431320683494104,-0.6825820262750031,-0.5332657032828086,0.44647592414832904
4,"{'alpha': 0.001, 'l1_ratio': 0.02275}",4,-0.6465607484104747,-0.6751664438024265,-0.551636782988429,0.4742783888269083
