,best_params,fold_index,mae,mae_median,mse,r2
0,"{'bootstrap': True, 'criterion': 'mse', 'min_samples_leaf': 1}",0,-0.30276464709566064,-0.065302165498758,-0.31590013773895037,0.6780079638863796
1,"{'bootstrap': True, 'criterion': 'mse', 'min_samples_leaf': 1}",1,-0.3072739650094239,-0.04796627491090372,-0.343397367409461,0.6589226850590664
2,"{'bootstrap': True, 'criterion': 'mse', 'min_samples_leaf': 1}",2,-0.3120425770559329,-0.053691172669192044,-0.34599152405601075,0.6535729473201908
3,"{'bootstrap': True, 'criterion': 'mse', 'min_samples_leaf': 1}",3,-0.31916852324060385,-0.06026907047686547,-0.35441094499008036,0.6321252434017617
4,"{'bootstrap': True, 'criterion': 'mse', 'min_samples_leaf': 1}",4,-0.31206072873022983,-0.0635281453908964,-0.34802284974787495,0.6683268068105941
