,best_params,fold_index,mae,mae_median,mse,r2
0,"{'bootstrap': True, 'criterion': 'mse', 'min_samples_leaf': 1}",0,-0.09918436345900296,-2.6645352591003757e-15,-0.0608003063786716,0.938027205092964
1,"{'bootstrap': True, 'criterion': 'mse', 'min_samples_leaf': 1}",1,-0.09467897907960025,-2.3314683517128287e-15,-0.0552244607296872,0.9451486453526499
2,"{'bootstrap': True, 'criterion': 'mse', 'min_samples_leaf': 1}",2,-0.09507578176476561,-9.769962616701378e-15,-0.05616832308954334,0.9437609731193074
3,"{'bootstrap': True, 'criterion': 'mse', 'min_samples_leaf': 1}",3,-0.1024329748594383,-6.8833827526759706e-15,-0.06606975556450186,0.9314203029269412
4,"{'bootstrap': True, 'criterion': 'mse', 'min_samples_leaf': 1}",4,-0.09312643961700648,-1.3433698597964394e-14,-0.0562406708754974,0.9464014420032932
