,best_params,fold_index,mae,mae_median,mse,r2
0,"{'bootstrap': False, 'criterion': 'mse', 'min_samples_leaf': 1}",0,-0.3927050047800178,-0.31364586437031367,-0.23401734223027065,0.4216984968193678
1,"{'bootstrap': True, 'criterion': 'mse', 'min_samples_leaf': 2}",1,-0.6103374923977632,-0.4430468214661103,-0.6457290716552866,0.22214928410969426
2,"{'bootstrap': True, 'criterion': 'mse', 'min_samples_leaf': 1}",2,-0.6304579094763486,-0.5496500679481903,-0.550373102861002,-0.8392944513880731
3,"{'bootstrap': True, 'criterion': 'mse', 'min_samples_leaf': 1}",3,-1.1377664880710414,-0.6329601650233536,-2.844678881688702,0.33872091802387216
4,"{'bootstrap': True, 'criterion': 'mse', 'min_samples_leaf': 1}",4,-0.5736764540489085,-0.5873021017223113,-0.4429395484299479,0.312489067115873
