,best_params,fold_index,mae,mae_median,mse,r2
0,"{'bootstrap': True, 'criterion': 'mse', 'min_samples_leaf': 5}",0,-0.08636609266691953,-0.056008310606658895,-0.01783418120716719,0.9823806195890532
1,"{'bootstrap': True, 'criterion': 'mse', 'min_samples_leaf': 5}",1,-0.08409385978009164,-0.05519655478206609,-0.016778602662819216,0.9830903447963769
2,"{'bootstrap': True, 'criterion': 'mse', 'min_samples_leaf': 5}",2,-0.08309892664123673,-0.05480346431279928,-0.015846884897045322,0.9836831890184152
3,"{'bootstrap': True, 'criterion': 'mse', 'min_samples_leaf': 5}",3,-0.08370392904947417,-0.05599099664585578,-0.016326835563620776,0.9835805679925732
4,"{'bootstrap': True, 'criterion': 'mse', 'min_samples_leaf': 5}",4,-0.08424729928764901,-0.055030803257736655,-0.01696527458778506,0.9835152239405147
