,best_params,fold_index,mae,mae_median,mse,r2
0,"{'bootstrap': True, 'criterion': 'mse', 'min_samples_leaf': 5}",0,-0.6062302110627927,-0.5050163199881914,-0.581724788406944,0.4252816979733066
1,"{'bootstrap': True, 'criterion': 'mse', 'min_samples_leaf': 5}",1,-0.6057055457267428,-0.5055367409047467,-0.583757280130291,0.41168317004835553
2,"{'bootstrap': True, 'criterion': 'mse', 'min_samples_leaf': 5}",2,-0.5987371032128264,-0.49602911142679973,-0.5754218937304973,0.40751445248291696
3,"{'bootstrap': True, 'criterion': 'mse', 'min_samples_leaf': 5}",3,-0.6059524533987112,-0.5066138816849486,-0.5873858303969431,0.4092828541852681
4,"{'bootstrap': True, 'criterion': 'mse', 'min_samples_leaf': 5}",4,-0.6135509403618999,-0.5091010042892179,-0.6025186005225329,0.4145462161608813
