,best_params,fold_index,mae,mae_median,mse,r2
0,"{'bootstrap': False, 'criterion': 'mse', 'max_features': 16, 'min_samples_leaf': 2}",0,-0.6306842082617159,-0.509656552818861,-0.6402095162752253,-0.020521749473426
1,"{'bootstrap': True, 'criterion': 'mse', 'max_features': 16, 'min_samples_leaf': 1}",1,-0.4423500148359311,-0.36395974773500706,-0.301421107594145,0.1426630946858254
2,"{'bootstrap': True, 'criterion': 'mse', 'max_features': 16, 'min_samples_leaf': 1}",2,-0.9532136454438963,-0.7372990533116699,-1.5777518330103377,0.15438487200150752
3,"{'bootstrap': False, 'criterion': 'mae', 'max_features': 16, 'min_samples_leaf': 1}",3,-0.8842397816808076,-0.5795298962019295,-1.7577784870870112,-0.4237825052493174
4,"{'bootstrap': False, 'criterion': 'mse', 'max_features': 16, 'min_samples_leaf': 3}",4,-0.6335957030961407,-0.4453488520488358,-0.815260704090982,0.21059087406363208
