,best_params,fold_index,mae,mae_median,mse,r2
0,"{'bootstrap': True, 'criterion': 'mse', 'max_features': 16, 'min_samples_leaf': 1}",0,-0.6329511267788861,-0.5459173043569232,-0.6191002617778195,0.013127318186654247
1,"{'bootstrap': True, 'criterion': 'mse', 'max_features': 16, 'min_samples_leaf': 1}",1,-0.4423500148359311,-0.36395974773500706,-0.301421107594145,0.1426630946858254
2,"{'bootstrap': False, 'criterion': 'mae', 'max_features': 16, 'min_samples_leaf': 1}",2,-1.0249518841353054,-0.6712784697881744,-1.9192236289354865,-0.028631056345208572
3,"{'bootstrap': False, 'criterion': 'mae', 'max_features': 16, 'min_samples_leaf': 1}",3,-0.8842397816808076,-0.5795298962019295,-1.7577784870870112,-0.4237825052493174
4,"{'bootstrap': False, 'criterion': 'mse', 'max_features': 16, 'min_samples_leaf': 3}",4,-0.6335957030961407,-0.4453488520488358,-0.815260704090982,0.21059087406363208
