,best_params,fold_index,mae,mae_median,mse,r2
0,"{'bootstrap': True, 'criterion': 'mse', 'min_samples_leaf': 1}",0,-0.6663131234102176,-0.5459173043569232,-0.6850774327457857,-0.09204315527533424
1,"{'bootstrap': True, 'criterion': 'mse', 'min_samples_leaf': 3}",1,-0.4706036223100112,-0.4520885300947678,-0.328898212823578,0.06450952225547968
2,"{'bootstrap': True, 'criterion': 'mae', 'min_samples_leaf': 4}",2,-0.9169600304472872,-0.5853963480348623,-1.7052449776002705,0.08605338315408495
3,"{'bootstrap': True, 'criterion': 'mse', 'min_samples_leaf': 1}",3,-0.7139106666682965,-0.4471561517087943,-1.2260467064530274,0.006914771064690961
4,"{'bootstrap': True, 'criterion': 'mse', 'min_samples_leaf': 2}",4,-0.6098732924300294,-0.5177210711978445,-0.7365176404500587,0.2868370278772666
