split_version,lambda_,num_features,best_value,metric
0,0.003,5,0.8654891304347826,f1_micro
1,0.003,5,0.8654891304347826,f1_micro
2,0.003,5,0.8654891304347826,f1_micro
3,0.003,5,0.8566081881697588,f1_micro
4,0.003,5,0.8566081881697588,f1_micro
