split_version,lambda_,num_features,best_value,metric
0,0.003,3,0.7647624039133473,f1_micro
1,0.003,2,0.7790880503144655,f1_micro
2,0.0003,2,0.7569007686932215,f1_micro
3,0.003,2,0.7527078965758212,f1_micro
4,0.003,2,0.7430118798043327,f1_micro
