,num_features,r2,mae_median,mae,mse,lambda_,split_version
0,3,0.6991203177996284,-0.295678450744867,-0.395869141691215,-0.29439645938733355,0.003,0.0
1,3,0.711604926338677,-0.2907332582477605,-0.3914147284795658,-0.280807689073569,0.003,1.0
2,3,0.7305165827993007,-0.2965482461768073,-0.38849085623357066,-0.276781177623582,0.003,2.0
3,3,0.7278908149528331,-0.28526483068994135,-0.3879770543226132,-0.27470857100796,0.003,3.0
4,3,0.6907397765572363,-0.2901412346336758,-0.40467945777345515,-0.3127504068009739,0.003,4.0
