,num_features,r2,mae_median,mae,mse,lambda_,split_version
0,1,0.06358803563921223,-0.45497435487106674,-0.7107117679002902,-0.9508359529761429,0.003,0.0
1,1,0.06420904674905226,-0.4528369957542252,-0.7307412934997203,-0.9868077537658737,0.003,1.0
2,1,0.07312240428818462,-0.45389427446608555,-0.6858532602423096,-0.8751646399639439,0.003,2.0
3,1,-0.1378930928796891,-0.9234141355569181,-0.8750594275038565,-1.12134812632324,0.003,3.0
4,1,0.06614594712288602,-0.48316941746900477,-0.70336751112542,-0.9349123530323485,0.001,4.0
