,num_features,r2,mae_median,mae,mse,lambda_,split_version
0,5,0.28798784762798446,-0.3518046838671474,-0.6036985486725804,-0.8458834600042724,0.003,0.0
1,4,0.4589199916192016,-0.29472579312733743,-0.4632863395193988,-0.5566430887734749,0.003,1.0
2,3,0.2971985279749162,-0.4330892980231871,-0.5833962202673321,-0.6621772552292036,2.9999999999999997e-05,2.0
3,1,0.08816499895622831,-0.3451644253706734,-0.5790892682320606,-0.7316598999763332,0.001,3.0
4,4,0.4368249571547247,-0.333166969058077,-0.5314306353894902,-0.5835582939465765,0.0001,4.0
