,num_features,r2,mae_median,mae,mse,lambda_,split_version
0,1,-1.6065245263760715,-1.2062893218192072,-1.2629952451889477,-2.1815801153453185,1e-05,0.0
1,1,-1.045528457488428,-0.8528934999628854,-1.058462475099601,-1.5274718794312871,1e-05,1.0
2,3,-0.6595453166363194,-1.0891286380535388,-1.2243853135836742,-2.024264339123842,0.003,2.0
3,2,-0.9563197016775615,-1.26243729215101,-1.372268284076758,-2.6173004090798297,0.0003,3.0
4,3,-1.4954701924589235,-1.161526230275848,-1.1607183279694424,-1.8790209944894405,0.003,4.0
