,num_features,r2,mae_median,mae,mse,lambda_,split_version
0,5,0.8659103040515054,-0.13112197158302075,-0.2411671642950665,-0.22093352038908534,0.003,0.0
1,1,0.9117341360348286,-0.14150664569915616,-0.2012274345659887,-0.07416758478410024,0.003,1.0
2,2,0.7156544083764711,-0.18038860320046768,-0.2709974111117795,-0.2176056378352493,0.003,2.0
3,1,0.9197518742850324,-0.15628931989457207,-0.19106034018970783,-0.056779076032360015,0.003,3.0
4,4,0.9097241674404478,-0.18705636007515508,-0.21856888621649703,-0.10182437517659906,0.003,4.0
