,num_features,r2,mae_median,mae,mse,lambda_,split_version
0,3,0.9656474132396801,-0.09522502951743136,-0.13200821922419134,-0.03569160387781249,0.0003,0.0
1,4,0.9752412755444408,-0.08415315693601322,-0.12476850199676602,-0.03238886382821451,0.0001,1.0
2,5,0.968842239465727,-0.08701118131026597,-0.11167727402986355,-0.023060383742488796,2.9999999999999997e-05,2.0
3,4,0.9698803647671593,-0.10458418862704916,-0.14494219083447019,-0.03550459106322905,0.0001,3.0
4,4,0.9628515196204877,-0.10460555752537548,-0.13121033524475678,-0.02820437625060842,0.0001,4.0
