,num_features,r2,mae_median,mae,mse,lambda_,split_version
0,4,0.6287108596999741,-0.32931864598390687,-0.4416135524480845,-0.3666560933875778,0.003,0.0
1,4,0.630338828240588,-0.33687007248485723,-0.4534964465951535,-0.3747107289020831,0.003,1.0
2,4,0.6507321808642843,-0.3541435762106112,-0.4495109721694474,-0.3614204833433255,0.003,2.0
3,4,0.6263651295044992,-0.3281734457674892,-0.45059075848674,-0.3720503775927644,0.003,3.0
4,4,0.5989599298414735,-0.3376504673670558,-0.4582969619867618,-0.3884295188651373,0.003,4.0
