,num_features,r2,mae_median,mae,mse,lambda_,split_version
0,1,0.03547817604974557,-0.7330309609682989,-0.8104965159712854,-0.9235618013385379,0.003,0.0
1,2,0.091512705114152,-0.6886489664900404,-0.7806507682917648,-0.8857665736124716,0.003,1.0
2,1,0.01479432442824058,-0.8169167262959909,-0.8666598632906799,-1.0263040658964997,0.003,2.0
3,1,0.03245172692911524,-0.7885992250497715,-0.8472244433204069,-0.9840480071025229,0.003,3.0
4,2,0.08298314160337894,-0.7214135486208986,-0.797548695045663,-0.9202275752780491,0.003,4.0
