,num_features,r2,mae_median,mae,mse,lambda_,split_version
0,1,0.04403747353503418,-0.6686689205003495,-0.7796387831277394,-0.9195297812350196,0.003,0.0
1,1,0.03190508226711064,-0.6864229598713637,-0.7877288462839765,-0.9451485380922392,0.003,1.0
2,1,0.03503784188539216,-0.7063255376036945,-0.8089191528647576,-0.9679229387211516,0.003,2.0
3,1,0.04391397185159629,-0.7040711788193965,-0.7982498418438919,-0.96635583945784,0.003,3.0
4,1,0.052434186222293566,-0.6953568858814272,-0.8083590306002306,-0.9852432504083303,0.003,4.0
