,num_features,r2,mae_median,mae,mse,lambda_,split_version
0,4,0.88178793712607,-0.01191497849215084,-0.1514824966798648,-0.11597556074679685,0.003,0.0
1,4,0.7569194684097345,-2.6469201268586318e-06,-0.23379547165873021,-0.24473399713213131,0.003,1.0
2,9,0.8535952392377727,-4.482590141297038e-07,-0.15115244068072348,-0.14622070047167238,0.003,2.0
3,4,0.756684811324936,-0.061093243943009856,-0.2587486422122296,-0.23441012029794175,0.003,3.0
4,9,0.7526939828747992,-4.902246480975592e-07,-0.2232729244710156,-0.25949683787245026,0.003,4.0
