,num_features,r2,mae_median,mae,mse,lambda_,split_version
0,10,-17.07674423544753,-2.0442350602762787,-2.409332890001426,-7.31499333632974,1e-05,0.0
1,1,-11.759203561455601,-1.816182250094097,-2.5925489468636305,-10.591992142566122,2.9999999999999997e-05,1.0
2,10,-0.12304309260821866,-0.3855362938615885,-0.45772097116725574,-0.3360488099439112,2.9999999999999997e-05,2.0
3,8,-0.203646007723574,-0.6005845667394352,-1.1762642492879785,-5.1778235128323225,0.0003,3.0
4,1,-5.862494829293595,-1.389250402834513,-1.5799686354821467,-4.421268397927372,1e-05,4.0
