,num_features,r2,mae_median,mae,mse,lambda_,split_version
0,2,0.9773459587011468,-0.07106646423929486,-0.10230514351171964,-0.02293022048308714,0.001,0.0
1,2,0.9779532235850965,-0.07121434978844465,-0.10023928735867912,-0.021875910360515376,0.001,1.0
2,2,0.9792955634649592,-0.07013486111863101,-0.09864405538545698,-0.020108146316045905,0.001,2.0
3,2,0.9780330804751611,-0.0692274247181364,-0.09896433642240618,-0.021843038343781398,0.001,3.0
4,2,0.9789221285286004,-0.07156438421804068,-0.10004176534402598,-0.02169224962158818,0.001,4.0
