,num_features,r2,mae_median,mae,mse,lambda_,split_version
0,12,-0.19101180125709472,-0.5050639391385056,-0.664926508097723,-0.7471639772051174,0.001,0.0
1,12,-1.631858740899332,-0.4406548889057656,-0.6454071035005093,-0.9253045935570698,0.001,1.0
2,11,-0.7205630674252843,-0.9396357080853674,-1.3325679693628354,-3.2102329340600098,0.0003,2.0
3,1,-0.142125475305505,-0.7178055256005289,-0.8755178540813636,-1.410049345770332,0.003,3.0
4,1,-0.06617685497194459,-0.43768653818542347,-0.7234926568032097,-1.1010920255563414,0.003,4.0
