split_version,lambda_,num_features,best_value,metric
0,0.001,5,0.6455073070845834,auc_macro
1,0.001,5,0.6457720421355585,auc_macro
2,0.001,7,0.6465424323667165,auc_macro
3,0.001,5,0.6457955776991924,auc_macro
4,0.001,6,0.6467079078254813,auc_macro
