best_feature,R2
hr,0.498353
atemp,0.668782
weekday,0.822159
yr,0.9147
